Ferret,Virus,inoc_dose,units,expt,lethal,lethal_day,NW_typical,RD_trans,HPAI,HPAI_MBAA,HA,NA,Origin,wt_loss,wt_loss_day,temp,temp_day,temp_5,temp_5_day,d1_inoc,d2_inoc,d3_inoc,d4_inoc,d5_inoc,d6_inoc,d7_inoc,d8_inoc,d9_inoc
F1,A/Turkey/VA/4529/2002,7,EID,path,false,0,true,NA,false,false,H7,N2,avian,6.7,7,0.5,4,0.5,4,6.5,,4.5,,4.75,,1.75,,1.5
F2,A/Turkey/VA/4529/2002,7,EID,path,false,0,true,NA,false,false,H7,N2,avian,11.8,4,0.9,7,0.7,2,5.5,,6.5,,4.75,,1.5,,1.5
F3,A/Turkey/VA/4529/2002,7,EID,path,false,0,true,NA,false,false,H7,N2,avian,15.4,6,2,8,1.8,2,6.25,,5.5,,5.75,,1.5,,1.5
F4,A/Turkey/VA/4529/2002,7,EID,DC,false,0,true,NA,false,false,H7,N2,avian,5.9,11,1,9,0.3,3,6.75,,6.75,,5.75,,3.25,,1.5
F5,A/Turkey/VA/4529/2002,7,EID,DC,false,0,true,NA,false,false,H7,N2,avian,7.9,5,1,3,1,3,6.25,,6.5,,4.75,,1.5,,1.5
F6,A/Turkey/VA/4529/2002,7,EID,DC,false,0,true,NA,false,false,H7,N2,avian,6.1,9,0.5,3,0.5,3,7.25,,6.75,,4.5,,1.5,,1.5
F7,A/Turkey/VA/4529/2002,7,EID,RD,false,0,true,no,false,false,H7,N2,avian,3.5,11,0.5,7,0.3,1,5.75,,5.75,,5.75,,1.5,,1.5
F8,A/Turkey/VA/4529/2002,7,EID,RD,false,0,true,no,false,false,H7,N2,avian,22.5,7,1.1,7,0.1,3,5.75,,5.5,,5.5,,2.25,,1.5
F9,A/Turkey/VA/4529/2002,7,EID,RD,false,0,true,no,false,false,H7,N2,avian,15,7,1.1,7,0.6,3,4.75,,3.75,,5.25,,1.5,,1.5
F10,A/Netherlands/219/2003,7,EID,path,false,0,true,NA,true,true,H7,N7,avian,14.9,8,1,1,1,1,6.5,,5.25,,6.5,,3.25,,1.5
F11,A/Netherlands/219/2003,7,EID,path,true,12,true,NA,true,true,H7,N7,avian,25.6,12,1,1,1,1,6.5,,5.75,,6.5,,4.75,,1.5
F12,A/Netherlands/219/2003,7,EID,path,true,8,true,NA,true,true,H7,N7,avian,23.6,8,1,1,1,1,6.75,,6.5,,5.5,,4.75,,
F13,A/Netherlands/219/2003,7,EID,DC,true,7,true,NA,true,true,H7,N7,avian,19.6,7,0.8,1,0.8,1,7.5,,6.25,,5.75,,,,
F14,A/Netherlands/219/2003,7,EID,DC,true,7,true,NA,true,true,H7,N7,avian,18.4,7,1.7,1,1.7,1,5.25,,6.5,,6.5,,4.75,,
F15,A/Netherlands/219/2003,7,EID,DC,false,0,true,NA,true,true,H7,N7,avian,16.6,7,0.8,1,0.8,1,6.25,,6.25,,5.5,,3.5,,1.5
F16,A/Netherlands/219/2003,7,EID,RD,true,7,true,no,true,true,H7,N7,avian,17.4,7,0.8,1,0.8,1,6.5,,5.25,,5.5,,4.75,,
F17,A/Netherlands/219/2003,7,EID,RD,true,5,true,no,true,true,H7,N7,avian,21.7,5,0.8,1,0.8,1,6.25,,6.75,,5.75,,,,
F18,A/Netherlands/219/2003,7,EID,RD,false,0,true,no,true,true,H7,N7,avian,7.4,5,1.6,1,1.6,1,5.25,,5.5,,5.75,,1.98,,1.5
F19,A/Netherlands/230/2003,7,EID,path,false,0,true,NA,true,true,H7,N7,avian,3.5,2,1,2,1,2,7.25,,5.75,,6.5,,1.5,,1.5
F20,A/Netherlands/230/2003,7,EID,path,false,0,true,NA,true,true,H7,N7,avian,4.4,3,1.2,2,1.2,2,6.75,,6.5,,6.5,,2.5,,1.5
F21,A/Netherlands/230/2003,7,EID,path,true,7,true,NA,true,true,H7,N7,avian,16,7,2.3,1,2.3,1,7.25,,7.25,,5.5,,,,
F22,A/Netherlands/230/2003,7,EID,DC,false,0,true,NA,true,true,H7,N7,avian,15.3,7,2.8,7,2.7,5,6.25,,7.25,,6.75,,1.75,,1.5
F23,A/Netherlands/230/2003,7,EID,DC,false,0,true,NA,true,true,H7,N7,avian,5.8,5,2.3,9,2.1,3,6.5,,4.75,,6.75,,3.5,,1.5
F24,A/Netherlands/230/2003,7,EID,DC,false,0,true,NA,true,true,H7,N7,avian,16.6,11,3.4,7,2,5,6.75,,7.25,,6.75,,4.5,,1.5
F25,A/Netherlands/230/2003,7,EID,DC,false,0,true,NA,true,true,H7,N7,avian,9.6,5,1.2,5,1.2,5,4.75,,6.25,,6.5,,2.75,,1.5
F26,A/Netherlands/230/2003,7,EID,DC,false,0,true,NA,true,true,H7,N7,avian,5.3,3,1.3,9,1.2,5,5.75,,5.75,,6.25,,2.25,,1.5
F27,A/Netherlands/230/2003,7,EID,DC,false,0,true,NA,true,true,H7,N7,avian,10,9,2,7,0.9,1,6.5,,7.5,,6.75,,1.98,,1.5
F28,A/Netherlands/230/2003,7,EID,RD,false,0,true,no,true,true,H7,N7,avian,15.7,11,2.9,7,1.5,5,6.5,,6.25,,6.25,,4.75,,1.5
F29,A/Netherlands/230/2003,7,EID,RD,false,0,true,no,true,true,H7,N7,avian,10,11,1.8,7,1.3,3,6.5,,7.25,,5.5,,4.75,,1.5
F30,A/Netherlands/230/2003,7,EID,RD,false,0,true,no,true,true,H7,N7,avian,10,5,2.5,7,2,5,6.5,,6.75,,6.5,,1.98,,1.5
F31,A/New York/107/2003,7,EID,path,false,0,true,NA,false,false,H7,N2,avian,9.3,13,1,2,1,2,4.5,,6.25,,5.5,,1.5,,1.5
F32,A/New York/107/2003,7,EID,path,false,0,true,NA,false,false,H7,N2,avian,10,3,0.5,2,0.5,2,5.25,,6.25,,4.75,,2.25,,1.5
F33,A/New York/107/2003,7,EID,path,false,0,true,NA,false,false,H7,N2,avian,10.3,3,1,2,1,2,4.75,,7.5,,4.75,,1.5,,1.5
F34,A/New York/107/2003,7,EID,DC,false,0,true,NA,false,false,H7,N2,avian,13.4,11,1.5,5,1.5,5,6.5,,6.5,,4.75,,1.98,,1.5
F35,A/New York/107/2003,7,EID,DC,false,0,true,NA,false,false,H7,N2,avian,3.2,7,1.5,5,1.5,5,5.75,,6.25,,5.5,,1.5,,1.5
F36,A/New York/107/2003,7,EID,DC,false,0,true,NA,false,false,H7,N2,avian,2,11,1.2,3,1.2,3,6.75,,5.75,,4.75,,1.5,,1.5
F37,A/New York/107/2003,7,EID,RD,false,0,true,no,false,false,H7,N2,avian,6.4,7,1.1,7,0.8,1,6.5,,6.25,,4.75,,2.25,,1.5
F38,A/New York/107/2003,7,EID,RD,false,0,true,no,false,false,H7,N2,avian,5.9,7,1.5,7,1,1,6.25,,6.75,,5.5,,1.5,,1.5
F39,A/New York/107/2003,7,EID,RD,false,0,true,no,false,false,H7,N2,avian,3,1,1.5,1,1.5,1,5.5,,5.75,,5.75,,1.5,,1.5
F40,A/New York/107/2003,6,EID,path,false,0,true,NA,false,false,H7,N2,avian,17.3,11,1,9,0.2,1,5.5,,5.5,,5.75,,1.5,,1.5
F41,A/New York/107/2003,6,EID,path,false,0,true,NA,false,false,H7,N2,avian,0.4,1,1,1,1,1,4.25,,5.75,,4.75,,1.5,,1.5
F42,A/New York/107/2003,6,EID,path,false,0,true,NA,false,false,H7,N2,avian,0.4,7,1,3,1,3,4.5,,5.75,,4.5,,1.5,,1.5
F43,A/New York/107/2003,6,EID,path,false,0,false,NA,false,false,H7,N2,avian,5.8,6,0.8,1,0.8,1,,4.5,,3.75,,2.25,,1.5,
F44,A/New York/107/2003,6,EID,path,false,0,false,NA,false,false,H7,N2,avian,8,3,0.4,1,0.4,1,,4.25,,3.5,,2.25,,1.5,
F45,A/New York/107/2003,6,EID,path,false,0,false,NA,false,false,H7,N2,avian,5.4,4,0.9,1,0.9,1,,5.75,,4.75,,3.5,,1.5,
F46,A/New York/107/2003,6,EID,path,false,0,false,NA,false,false,H7,N2,avian,0.9,1,1,1,1,1,,5.5,,4.5,,2.25,,1.5,
F47,A/New York/107/2003,6,EID,path,false,0,false,NA,false,false,H7,N2,avian,8.5,7,1.5,1,1.5,1,,6.75,,4.75,,3.5,,1.5,
F48,A/New York/107/2003,6,EID,path,false,0,false,NA,false,false,H7,N2,avian,1.3,1,1.3,1,1.3,1,,5.75,,5.5,,4.5,,1.5,
F49,A/New York/107/2003,6,EID,path,false,0,false,NA,false,false,H7,N2,avian,4.2,6,0.8,7,0.5,1,,6.5,,6.5,,3.5,,1.5,
F50,A/Mexico/4482/2009,6,PFU,DC,true,10,true,NA,false,false,H1,N1,human,27.2,10,1.5,1,1.5,1,7.54,,5.95,,5.93,,1,,1
F51,A/Mexico/4482/2009,6,PFU,DC,false,0,true,NA,false,false,H1,N1,human,16.3,7,1.2,4,1.2,4,7.9,,5.11,,5.41,,1,,1
F52,A/Mexico/4482/2009,6,PFU,DC,false,0,true,NA,false,false,H1,N1,human,10.9,7,1.6,1,1.6,1,7.7,,4.15,,5.2,,1,,1
F53,A/Mexico/4482/2009,6,PFU,RD,false,0,true,yes,false,false,H1,N1,human,5.9,7,2.3,1,2.3,1,7.88,,5.59,,4.98,,1,,1
F54,A/Mexico/4482/2009,6,PFU,RD,true,5,true,no,false,false,H1,N1,human,21.2,5,2,1,2,1,7.4,,4.43,,5.4,,,,
F55,A/Mexico/4482/2009,6,PFU,RD,true,10,true,yes,false,false,H1,N1,human,27.5,10,1.5,7,1.3,1,8,,6,,5.28,,2.3,,1
F56,A/Mexico/4482/2009,6,PFU,path,false,0,true,NA,false,false,H1,N1,human,16.8,8,3,1,3,1,7.88,,5.2,,5.08,,1,,1
F57,A/Mexico/4482/2009,6,PFU,path,false,0,true,NA,false,false,H1,N1,human,13.2,7,3.2,1,3.2,1,7.34,,5.08,,5.41,,1,,1
F58,A/Mexico/4482/2009,6,PFU,path,true,6,true,NA,false,false,H1,N1,human,23.5,6,2.9,2,2.9,2,6.76,,4.85,,4.9,,,,
F59,A/Mexico/4482/2009,6,PFU,path,false,0,true,NA,false,false,H1,N1,human,21.5,10,1.4,1,1.4,1,6.88,,5,,5.06,,1,,1
F60,A/Mexico/4482/2009,5,PFU,path,false,0,true,NA,false,false,H1,N1,human,16.8,8,3,1,3,1,7.88,,5.2,,5.08,,1,,1
F61,A/Mexico/4482/2009,5,PFU,path,false,0,true,NA,false,false,H1,N1,human,14.2,7,3.2,1,3.2,1,7.34,,5.08,,5.41,,1,,1
F62,A/Mexico/4482/2009,5,PFU,path,true,6,true,NA,false,false,H1,N1,human,13.5,6,2.9,2,2.9,2,6.76,,4.85,,4.9,,,,
F63,A/Mexico/4482/2009,5,PFU,path,false,0,true,NA,false,false,H1,N1,human,11.5,10,1.4,1,1.4,1,6.88,,5,,5.06,,1,,1
F64,A/Mexico/4482/2009,6,EID,path,false,0,false,NA,false,false,H1,N1,human,13.2,7,1.8,1,1.8,1,,4.25,,3.5,,2.75,,1.5,
F65,A/Mexico/4482/2009,6,EID,path,false,0,false,NA,false,false,H1,N1,human,14.5,6,1.5,1,1.5,1,,3.75,,4.25,,1.98,,1.5,
F66,A/Mexico/4482/2009,6,EID,path,false,0,false,NA,false,false,H1,N1,human,7,6,1.7,1,1.7,1,,6.25,,3.75,,1.98,,1.5,
F67,A/Mexico/4482/2009,6,EID,path,false,0,false,NA,false,false,H1,N1,human,18.1,8,1.5,1,1.5,1,,6.25,,3.75,,3.25,,1.5,
F68,A/Mexico/4482/2009,6,EID,path,false,0,false,NA,false,false,H1,N1,human,14.9,7,2.5,3,2.5,3,,5.5,,5.25,,2.25,,1.5,
F69,A/Mexico/4482/2009,6,EID,path,false,0,false,NA,false,false,H1,N1,human,15,7,2.3,1,2.3,1,,4.75,,3.75,,1.5,,1.5,
F70,A/Mexico/4482/2009,6,EID,path,false,0,false,NA,false,false,H1,N1,human,12.8,6,2,1,2,1,,5.5,,4.75,,4.25,,1.5,
F71,A/Mexico/4482/2009,6,EID,path,false,0,false,NA,false,false,H1,N1,human,11.1,7,2.6,1,2.6,1,,4.75,,4.75,,3.5,,1.5,
F72,A/Mexico/4482/2009,6,EID,path,false,0,false,NA,false,false,H1,N1,human,16.5,14,3.4,1,3.4,1,,5.5,,4.75,,1.98,,1.5,
F73,A/Mexico/4482/2009,6,EID,path,false,0,false,NA,false,false,H1,N1,human,16.5,6,2.8,1,2.8,1,,3.75,,3.5,,1.5,,1.5,
F74,A/Mexico/4482/2009,6,EID,path,false,0,false,NA,false,false,H1,N1,human,10.5,14,1.7,1,1.7,1,,4.75,,4.5,,1.5,,1.5,
F75,A/Mexico/4482/2009,6,EID,path,false,0,false,NA,false,false,H1,N1,human,9.1,14,1.8,1,1.8,1,,4.5,,3.75,,1.5,,1.5,
F76,A/Mexico/4482/2009,6,EID,path,false,0,false,NA,false,false,H1,N1,human,14.9,7,3.1,1,3.1,1,,3.5,,4.5,,1.5,,1.5,
F77,A/Mexico/4482/2009,6,EID,path,false,0,false,NA,false,false,H1,N1,human,4.2,2,1.6,3,1.6,3,,7.5,,4.25,,3.25,,1.5,
F78,A/Mexico/4482/2009,6,EID,path,false,0,false,NA,false,false,H1,N1,human,2.8,2,1.7,1,1.7,1,,6.75,,5.5,,2.75,,1.5,
F79,A/Mexico/4482/2009,6,EID,path,false,0,false,NA,false,false,H1,N1,human,14.1,7,1.2,2,1.2,2,,6.5,,3.5,,3.5,,1.5,
F80,A/Mexico/4482/2009,6,EID,path,false,0,false,NA,false,false,H1,N1,human,13.3,7,2.6,1,2.6,1,,5.25,,2.25,,5.5,,1.5,
F81,A/Mexico/4482/2009,6,EID,path,false,0,false,NA,false,false,H1,N1,human,17.1,9,1.5,1,1.5,1,,6.75,,4.5,,5.5,,1.5,
F82,A/Mexico/4482/2009,6,EID,path,false,0,false,NA,false,false,H1,N1,human,16.9,4,1.7,1,1.7,1,,6.75,,4.5,,4.5,,1.5,
F83,A/Mexico/4482/2009,6,EID,path,false,0,false,NA,false,false,H1,N1,human,18.7,7,1.7,1,1.7,1,,5.75,,2.75,,4.75,,1.5,
F84,A/South Dakota/6/2007,6,EID,path,false,0,false,NA,false,false,H1,N1,human,5.3,3,1.3,1,1.3,1,,5.75,,5.5,,2.5,,1.5,
F85,A/South Dakota/6/2007,6,EID,path,false,0,false,NA,false,false,H1,N1,human,10,4,0.5,3,0.5,3,,6.5,,5.5,,5.5,,1.5,
F86,A/South Dakota/6/2007,6,EID,path,false,0,false,NA,false,false,H1,N1,human,5.1,7,1.7,5,1.7,5,,6.75,,4.75,,4.25,,1.5,
F87,A/South Dakota/6/2007,6,EID,path,false,0,false,NA,false,false,H1,N1,human,5.1,7,1.9,12,1.7,1,,5.75,,5.5,,5.25,,1.5,
F88,A/South Dakota/6/2007,6,EID,path,false,0,false,NA,false,false,H1,N1,human,5.7,2,1.9,11,1.5,3,,5.5,,5.5,,3.25,,1.5,
F89,A/South Dakota/6/2007,6,EID,path,false,0,false,NA,false,false,H1,N1,human,8.1,7,0.8,5,0.8,5,,5.75,,5.5,,2.5,,1.5,
F90,A/South Dakota/6/2007,6,EID,path,false,0,false,NA,false,false,H1,N1,human,7.5,13,0,0,0,0,,4.75,,5.5,,5.5,,1.5,
F91,A/South Dakota/6/2007,6,EID,path,false,0,false,NA,false,false,H1,N1,human,24.2,14,2.1,11,1,5,,5.5,,6.5,,5.25,,1.5,
F92,A/South Dakota/6/2007,6,EID,path,false,0,false,NA,false,false,H1,N1,human,8.2,3,1.8,10,1.6,5,,6.75,,5.25,,4.75,,1.5,
F93,A/South Dakota/6/2007,6,EID,path,false,0,false,NA,false,false,H1,N1,human,5,2,2.5,5,2.5,5,,6.5,,6.5,,4.25,,1.5,
F94,A/South Dakota/6/2007,6,EID,path,false,0,false,NA,false,false,H1,N1,human,1.2,2,2.5,11,2.3,5,,6.5,,4.5,,4.75,,1.5,
F95,A/South Dakota/6/2007,6,EID,path,false,0,false,NA,false,false,H1,N1,human,5.7,12,2.2,5,2.2,5,,6.75,,5.25,,4.5,,1.5,
F96,A/South Dakota/6/2007,6,EID,path,false,0,false,NA,false,false,H1,N1,human,14.5,13,2.9,12,2.5,5,,6.5,,6.25,,5.5,,1.5,
F97,A/South Dakota/6/2007,6,EID,RD,false,0,true,no,false,false,H1,N1,human,6.5,6,3.1,2,3.1,2,7.75,,4.5,,5.5,,1.98,,1.5
F98,A/South Dakota/6/2007,6,EID,RD,false,0,true,no,false,false,H1,N1,human,9.2,6,3.4,8,3.2,2,7.25,,5.25,,5.25,,1.98,,1.5
F99,A/South Dakota/6/2007,6,EID,RD,false,0,true,yes,false,false,H1,N1,human,17.5,9,2.2,8,1.7,4,8.25,,5.25,,5.75,,1.98,,1.5
F100,A/Shoveler/Egypt/00215-NAMRU3/2007,6,PFU,RD,false,0,true,no,false,false,H7,N9,avian,0.9,2,1.7,2,1.7,2,4.64,,4.36,,4.45,,1,,1
F101,A/Shoveler/Egypt/00215-NAMRU3/2007,6,PFU,RD,false,0,true,no,false,false,H7,N9,avian,1.8,10,1.8,2,1.8,2,4.74,,4.48,,4.51,,1,,1
F102,A/Shoveler/Egypt/00215-NAMRU3/2007,6,PFU,RD,false,0,true,no,false,false,H7,N9,avian,3.8,2,1.3,2,1.3,2,4.65,,4,,4.3,,1.7,,1.6
F103,A/goose/Nebraska/17096-1/2011,6,EID,DC,false,0,true,NA,false,false,H7,N9,avian,0,0,0.7,2,0.7,2,4.5,,4.5,,4.5,,1.5,,1.5
F104,A/goose/Nebraska/17096-1/2011,6,EID,DC,false,0,true,NA,false,false,H7,N9,avian,1,1,1.5,2,1.5,2,5.25,,3.75,,2.5,,1.5,,1.5
F105,A/goose/Nebraska/17096-1/2011,6,EID,DC,false,0,true,NA,false,false,H7,N9,avian,0,0,0.7,5,0.7,5,5.5,,5.25,,4.75,,1.5,,1.5
F106,A/Mexico/7218/2012,6,EID,DC,false,0,true,NA,true,false,H7,N3,avian,9.6,10,3.2,7,2.2,2,4.5,,5.75,,6.75,,3.75,,1.5
F107,A/Mexico/7218/2012,6,EID,DC,false,0,true,NA,true,false,H7,N3,avian,8.5,9,2.7,7,2.2,2,4.5,,6.5,,5.75,,1.98,,1.5
F108,A/Mexico/7218/2012,6,EID,DC,false,0,true,NA,true,false,H7,N3,avian,5.4,10,2.8,7,2.3,2,3.25,,5.75,,4.75,,1.98,,1.5
F109,A/Anhui/1/2013,6,PFU,DC,false,0,true,NA,false,false,H7,N9,avian,12.8,10,1.3,1,1.3,1,7.15,,5.51,,4.74,,1,,1
F110,A/Anhui/1/2013,6,PFU,DC,false,0,true,NA,false,false,H7,N9,avian,15.4,5,1,2,1,2,7.04,,6.57,,5.3,,1,,1
F111,A/Anhui/1/2013,6,PFU,DC,false,0,true,NA,false,false,H7,N9,avian,7.8,3,1.6,1,1.6,1,6.85,,7.04,,4.81,,1.9,,1
F112,A/Anhui/1/2013,6,PFU,DC,false,0,true,NA,false,false,H7,N9,avian,10,8,1.3,2,1.3,2,5.88,,4.85,,5.11,,1,,1
F113,A/Anhui/1/2013,6,PFU,RD,false,0,true,no,false,false,H7,N9,avian,20.6,8,0.9,10,0.7,1,6.54,,6.48,,5.31,,2.71,,1
F114,A/Anhui/1/2013,6,PFU,RD,false,0,true,no,false,false,H7,N9,avian,7.8,3,2.9,4,2.9,4,6.3,,6.44,,5.1,,4.35,,1
F115,A/Anhui/1/2013,6,PFU,RD,false,0,true,no,false,false,H7,N9,avian,4.4,2,1,2,1,2,7.34,,5.72,,5.31,,2,,1
F116,A/Anhui/1/2013,6,PFU,RD,false,0,true,yes,false,false,H7,N9,avian,8.9,8,2.5,1,2.5,1,7.33,,5.77,,5.1,,1,,1
F117,A/Anhui/1/2013,6,PFU,RD,false,0,true,yes,false,false,H7,N9,avian,11.9,4,1.4,1,1.4,1,7,,5.85,,5.04,,1.3,,1
F118,A/Anhui/1/2013,6,PFU,RD,false,0,true,no,false,false,H7,N9,avian,13.5,8,2.3,1,2.3,1,7.27,,5.45,,5.41,,2.34,,1.6
F119,A/Anhui/1/2013,6,PFU,path,false,0,true,NA,false,false,H7,N9,avian,12.3,11,1.6,1,1.6,1,7.34,,4.39,,4.78,,1,,1
F120,A/Shanghai/1/2013,6,PFU,DC,false,0,true,NA,false,false,H7,N9,avian,6.4,8,1.5,1,1.5,1,7.16,,3.7,,4.64,,2,,1
F121,A/Shanghai/1/2013,6,PFU,DC,false,0,true,NA,false,false,H7,N9,avian,5.7,6,1.4,2,1.4,2,6.43,,4.4,,5.1,,1.7,,1
F122,A/Shanghai/1/2013,6,PFU,DC,false,0,true,NA,false,false,H7,N9,avian,20.3,11,2.8,2,2.8,2,6.88,,3.95,,4.76,,2.48,,1
F123,A/Shanghai/1/2013,6,PFU,DC,false,0,true,NA,false,false,H7,N9,avian,10.6,4,1.4,2,1.4,2,6.85,,5.92,,4.56,,1.6,,1
F124,A/Shanghai/1/2013,6,PFU,RD,false,0,true,no,false,false,H7,N9,avian,6.7,2,0.9,5,0.9,5,6.6,,3.93,,4.93,,1,,1
F125,A/Shanghai/1/2013,6,PFU,RD,false,0,true,no,false,false,H7,N9,avian,8.5,6,1.4,2,1.4,2,5.13,,3.85,,4.64,,1,,1
F126,A/Shanghai/1/2013,6,PFU,RD,true,12,true,yes,false,false,H7,N9,avian,26.6,12,2.5,12,2.2,2,6.65,,4.7,,5.11,,1,,1
F127,A/Shanghai/1/2013,6,PFU,path,true,4,true,NA,false,false,H7,N9,avian,10.8,4,2.4,3,2.4,3,6.52,,4.27,,,,,,
F128,A/Texas/50/2012,6,PFU,DC,false,0,true,NA,false,false,H3,N2,human,7,8,1.6,2,1.6,2,5.84,,2.48,,3.95,,1.85,,1
F129,A/Texas/50/2012,6,PFU,DC,false,0,true,NA,false,false,H3,N2,human,18.8,10,1.5,8,1.4,3,4.02,,3.87,,5.2,,3.32,,1
F130,A/Texas/50/2012,6,PFU,DC,false,0,true,NA,false,false,H3,N2,human,6.3,7,2.3,2,2.3,2,5.56,,2.6,,4.1,,1,,1
F131,A/Texas/50/2012,6,PFU,RD,false,0,true,yes,false,false,H3,N2,human,4.7,8,1.6,2,1.6,2,5.6,,3.4,,3.6,,1,,1
F132,A/Texas/50/2012,6,PFU,RD,false,0,true,yes,false,false,H3,N2,human,25,14,1.8,2,1.8,2,5.46,,2.3,,5.13,,1.48,,1
F133,A/Texas/50/2012,6,PFU,RD,false,0,true,yes,false,false,H3,N2,human,8.7,8,1.6,10,1.5,2,5.89,,3.04,,3.48,,1,,1
F134,A/Taiwan/1/2013,6,PFU,RD,false,0,true,no,false,false,H7,N9,avian,3.7,9,1.9,1,1.9,1,5.9,,5.65,,5.18,,1,,1
F135,A/Taiwan/1/2013,6,PFU,RD,false,0,true,no,false,false,H7,N9,avian,4.3,3,2.4,1,2.4,1,6,,5.9,,4.66,,1,,1
F136,A/Taiwan/1/2013,6,PFU,RD,false,0,true,no,false,false,H7,N9,avian,5.3,3,1.4,2,1.4,2,5.9,,6.79,,5.22,,1.7,,1.6
F137,A/Hong Kong/5942/2013,6,PFU,DC,false,0,true,NA,false,false,H7,N9,avian,10.4,4,1.4,1,1.4,1,6.78,,5.73,,5.39,,1,,1
F138,A/Hong Kong/5942/2013,6,PFU,DC,false,0,true,NA,false,false,H7,N9,avian,22.2,11,2,1,2,1,6.1,,5.45,,5.9,,1,,1
F139,A/Hong Kong/5942/2013,6,PFU,DC,false,0,true,NA,false,false,H7,N9,avian,11.9,12,2.1,2,2.1,2,6.72,,5.73,,5.79,,1.7,,1.6
F140,A/Italy/3/2013,6,EID,DC,false,0,true,NA,true,true,H7,N7,avian,4.9,2,1.3,1,1.3,1,5.5,,5.75,,4.5,,2.75,,1.5
F141,A/Italy/3/2013,6,EID,DC,false,0,true,NA,true,true,H7,N7,avian,7.1,2,1.1,1,1.1,1,5.25,,6.75,,6.25,,1.5,,1.5
F142,A/Italy/3/2013,6,EID,DC,false,0,true,NA,true,true,H7,N7,avian,1.8,2,1.2,2,1.2,2,5.75,,4.5,,5.5,,1.5,,1.5
F143,A/British Columbia/1/2015,6,PFU,RD,false,0,true,no,false,false,H7,N9,avian,18.1,6,2.3,2,2.3,2,7.5,,6.46,,5.68,,1.48,,1
F144,A/British Columbia/1/2015,6,PFU,RD,false,0,true,yes,false,false,H7,N9,avian,17.7,6,2.2,1,2.2,1,7.51,,6.7,,6.61,,1,,1
F145,A/British Columbia/1/2015,6,PFU,RD,false,0,true,no,false,false,H7,N9,avian,16.1,6,2.2,1,2.2,1,7.3,,6.02,,6.16,,1.85,,1
F146,A/British Columbia/1/2015,6,PFU,DC,false,0,true,NA,false,false,H7,N9,avian,17,6,2.8,1,2.8,1,7.32,,5.42,,6,,1,,1
F147,A/British Columbia/1/2015,6,PFU,DC,false,0,true,NA,false,false,H7,N9,avian,13.3,4,2.1,1,2.1,1,8.11,,5.55,,5.72,,1,,1
F148,A/British Columbia/1/2015,6,PFU,DC,false,0,true,NA,false,false,H7,N9,avian,10.1,4,1.2,3,1.2,3,7.78,,5.98,,4.93,,1,,1
F149,A/British Columbia/1/2015,6,PFU,path,false,0,true,NA,false,false,H7,N9,avian,7.8,2,1.7,2,1.7,2,7.54,,5.63,,5.46,,1,,1
F150,A/British Columbia/1/2015,6,PFU,path,false,0,true,NA,false,false,H7,N9,avian,10.3,6,1.4,1,1.4,1,7.04,,5.68,,5.66,,1,,1
F151,A/British Columbia/1/2015,6,PFU,path,false,0,true,NA,false,false,H7,N9,avian,9.4,4,1.3,2,1.3,2,7.48,,6.2,,5.41,,1,,1
F152,A/New York/108/2016,6,EID,RD,false,0,true,no,false,false,H7,N2,avian,1.7,4,0.8,2,0.8,2,6.25,,5.75,,4.75,,1.75,,1.5
F153,A/New York/108/2016,6,EID,RD,false,0,true,no,false,false,H7,N2,avian,4.2,10,0.6,8,0.2,2,5.5,,8.25,,5.25,,2.75,,1.5
F154,A/New York/108/2016,6,EID,RD,false,0,true,no,false,false,H7,N2,avian,0,0,0,0,0,0,6.25,,5.75,,5.25,,2.5,,1.5
F155,A/New York/108/2016,6,EID,DC,false,0,true,NA,false,false,H7,N2,avian,13.1,4,0.6,3,0.6,3,4.75,,6.5,,4.25,,1.5,,1.5
F156,A/New York/108/2016,6,EID,DC,false,0,true,NA,false,false,H7,N2,avian,3,1,0.3,3,0.3,3,5.5,,7.25,,4.75,,1.5,,1.5
F157,A/New York/108/2016,6,EID,DC,false,0,true,NA,false,false,H7,N2,avian,2.7,9,0.9,2,0.9,2,5.75,,7.75,,6.5,,1.5,,1.5
F158,A/ck/TN/17-007147-2/2017,6,EID,DC,false,0,true,NA,true,false,H7,N9,avian,4.4,10,0.7,10,0.2,5,4.25,,4.5,,4.75,,3.5,,1.5
F159,A/ck/TN/17-007147-2/2017,6,EID,DC,false,0,true,NA,true,false,H7,N9,avian,5.1,4,0.6,2,0.6,2,2.75,,3.75,,4.75,,3.5,,1.5
F160,A/ck/TN/17-007147-2/2017,6,EID,DC,false,0,true,NA,true,false,H7,N9,avian,3.3,2,0.6,10,0.3,2,4.75,,3.75,,4.75,,5.75,,1.5
F161,A/ck/TN/17-007431-3/2017,6,EID,DC,false,0,true,NA,false,false,H7,N9,avian,5.6,8,0.9,8,0.7,3,4.25,,6.5,,5.5,,1.5,,1.5
F162,A/ck/TN/17-007431-3/2017,6,EID,DC,false,0,true,NA,false,false,H7,N9,avian,3,10,1.5,3,1.5,3,3.5,,5.75,,3.5,,3.75,,1.5
F163,A/ck/TN/17-007431-3/2017,6,EID,DC,false,0,true,NA,false,false,H7,N9,avian,1.4,1,1.2,3,1.2,3,4.5,,7.25,,6.25,,3.25,,1.5
F164,A/Canada/504/2004,7,EID,DC,false,0,true,NA,true,false,H7,N3,avian,24.8,9,3.2,9,3,1,6.75,,7.25,,5.25,,2.75,,1.5
F165,A/Canada/504/2004,7,EID,DC,false,0,true,NA,true,false,H7,N3,avian,12.9,5,2.4,11,1.7,5,7.5,,7.25,,6.5,,2.25,,1.5
F166,A/Canada/504/2004,7,EID,DC,false,0,true,NA,true,false,H7,N3,avian,24.8,9,2.2,1,2.2,1,7.5,,7.75,,4.75,,4.5,,1.5
F167,A/Canada/504/2004,7,EID,RD,false,0,true,no,true,false,H7,N3,avian,23.8,11,3.2,9,2.7,5,6.5,,7.5,,6.25,,3.25,,1.5
F168,A/Canada/504/2004,7,EID,RD,false,0,true,no,true,false,H7,N3,avian,18.2,7,3.2,7,2.9,1,7.25,,6.75,,5.5,,1.5,,1.5
F169,A/Canada/504/2004,7,EID,RD,false,0,true,no,true,false,H7,N3,avian,15,5,2.5,9,1.7,5,6.75,,6.5,,5.5,,2.5,,1.5
F170,A/Hong Kong/4553/2016,6,EID,DC,false,0,true,NA,false,false,H7,N9,avian,5.8,10,2,2,2,2,6.5,,6.75,,6.25,,3.75,,1.5
F171,A/Hong Kong/4553/2016,6,EID,DC,false,0,true,NA,false,false,H7,N9,avian,10.7,6,2.2,4,2.2,4,7.75,,6.5,,6.5,,2.25,,2.25
F172,A/Hong Kong/4553/2016,6,EID,DC,false,0,true,NA,false,false,H7,N9,avian,10.3,8,2.9,6,2.1,2,8.5,,6.75,,6.5,,1.5,,1.5
F173,A/Hong Kong/4553/2016,6,EID,RD,false,0,true,no,false,false,H7,N9,avian,12.9,13,1.2,2,1.2,2,6.25,,7.5,,6.5,,1.5,,1.5
F174,A/Hong Kong/4553/2016,6,EID,RD,false,0,true,yes,false,false,H7,N9,avian,11.9,11,2.3,6,1.8,2,6.75,,7.5,,6.75,,3.5,,1.5
F175,A/Hong Kong/4553/2016,6,EID,RD,false,0,true,no,false,false,H7,N9,avian,11.9,8,1.4,1,1.4,1,7.5,,6.25,,8.25,,1.5,,1.5
F176,A/Guangdong/17SF003/2016,6,EID,DC,true,8,true,NA,true,true,H7,N9,avian,24,8,1.9,1,1.9,1,6.75,,7.25,,6.5,,6.25,,4.75
F177,A/Guangdong/17SF003/2016,6,EID,DC,false,0,true,NA,true,true,H7,N9,avian,10.5,8,2.1,7,1.8,2,5.75,,6.75,,6.75,,5.25,,2.25
F178,A/Guangdong/17SF003/2016,6,EID,DC,true,8,true,NA,true,true,H7,N9,avian,24.8,8,1.4,7,1.3,2,6.5,,6.5,,7.25,,4.25,,2.25
F179,A/Guangdong/17SF003/2016,6,EID,RD,true,13,true,no,true,true,H7,N9,avian,14.7,4,1.6,5,1.6,5,6.5,,7.25,,7.5,,5.5,,1.5
F180,A/Guangdong/17SF003/2016,6,EID,RD,false,0,true,no,true,true,H7,N9,avian,15.9,9,2.4,7,1.3,2,6.75,,6.75,,6.5,,4.25,,2.25
F181,A/Guangdong/17SF003/2016,6,EID,RD,true,9,true,no,true,true,H7,N9,avian,25.9,9,1.9,8,1.8,1,7.25,,6.5,,6.5,,4.75,,1.5
F182,A/Taiwan/1/2017,6,EID,DC,true,10,true,NA,true,true,H7,N9,avian,15.6,10,2.4,7,2.2,1,5.5,,5.75,,5.5,,2.75,,2.75
F183,A/Taiwan/1/2017,6,EID,DC,true,9,true,NA,true,true,H7,N9,avian,21,9,2.7,6,1.5,1,5.5,,6.75,,6.25,,3.5,,1.5
F184,A/Taiwan/1/2017,6,EID,DC,true,7,true,NA,true,true,H7,N9,avian,7.7,7,2.3,1,2.3,1,7.25,,6.25,,6.25,,2.5,,
F185,A/Taiwan/1/2017,6,EID,RD,true,9,true,no,true,true,H7,N9,avian,23.1,9,1.6,3,1.6,3,6.5,,5.25,,5.75,,2.5,,3.75
F186,A/Taiwan/1/2017,6,EID,RD,true,6,true,no,true,true,H7,N9,avian,15.2,6,1.4,1,1.4,1,5.75,,5.5,,4.5,,,,
F187,A/Taiwan/1/2017,6,EID,RD,false,0,true,no,true,true,H7,N9,avian,20,9,2,7,1.8,1,6.75,,6.25,,6.75,,3.5,,1.5
F188,A/duck/Vietnam/NCVD-672/2011,6,EID,path,true,7,true,NA,true,true,H5,N1,avian,17.2,7,2.6,1,2.6,1,5.25,,5.25,,4.25,,1.5,,
F189,A/duck/Vietnam/NCVD-672/2011,6,EID,path,true,6,true,NA,true,true,H5,N1,avian,16.3,6,1.7,1,1.7,1,4.25,,5.5,,4.75,,,,
F190,A/duck/Vietnam/NCVD-672/2011,6,EID,path,true,7,true,NA,true,true,H5,N1,avian,20.6,7,2.4,1,2.4,1,4.25,,4.75,,4.5,,2.5,,
F191,A/BarnSwallow/Hong Kong/D10-1161/2010,6,EID,path,true,6,true,NA,true,true,H5,N1,avian,22.2,6,2.2,1,2.2,1,3.5,,3.75,,5.25,,,,
F192,A/BarnSwallow/Hong Kong/D10-1161/2010,6,EID,path,true,6,true,NA,true,true,H5,N1,avian,15.4,6,2.8,1,2.8,1,4.25,,3.5,,3.75,,,,
F193,A/BarnSwallow/Hong Kong/D10-1161/2010,6,EID,path,true,7,true,NA,true,true,H5,N1,avian,19.4,7,2.3,1,2.3,1,4.25,,5.25,,5.5,,3.25,,
F194,A/BarnSwallow/Hong Kong/D10-1161/2010,6,EID,DC,true,5,true,NA,true,true,H5,N1,avian,16.6,5,2.2,1,2.2,1,5.5,,6.5,,5.5,,,,
F195,A/BarnSwallow/Hong Kong/D10-1161/2010,6,EID,DC,true,5,true,NA,true,true,H5,N1,avian,17.1,5,1.8,1,1.8,1,4.25,,5.75,,5.25,,,,
F196,A/BarnSwallow/Hong Kong/D10-1161/2010,6,EID,DC,true,4,true,NA,true,true,H5,N1,avian,15.7,4,2,1,2,1,4.5,,5.75,,,,,,
F197,A/Bangladesh/5487/2011,6,EID,path,false,0,true,NA,true,true,H5,N1,avian,4.9,2,1.2,2,1.2,2,4.5,,1.98,,3.5,,1.5,,1.5
F198,A/Bangladesh/5487/2011,6,EID,path,false,0,true,NA,true,true,H5,N1,avian,12,5,2.1,1,2.1,1,3.75,,3.5,,4.75,,1.5,,1.5
F199,A/Bangladesh/5487/2011,6,EID,path,false,0,true,NA,true,true,H5,N1,avian,7.2,2,2.8,1,2.8,1,4.25,,2.5,,4.25,,1.5,,1.5
F200,A/Egypt/4935-NAMRU3/2009,6,EID,DC,false,0,true,NA,true,true,H5,N1,avian,11.7,6,1.9,2,1.9,2,2.75,,4.75,,5.75,,1.98,,1.5
F201,A/Egypt/4935-NAMRU3/2009,6,EID,DC,false,0,true,NA,true,true,H5,N1,avian,7.9,3,2.5,2,2.5,2,5.5,,4.75,,4.25,,2.75,,1.5
F202,A/Egypt/4935-NAMRU3/2009,6,EID,DC,false,0,true,NA,true,true,H5,N1,avian,3.7,3,2.6,2,2.6,2,4.25,,4.75,,4.5,,1.5,,1.5
F203,A/Egypt/N03072/2010,6,EID,path,false,0,true,NA,true,true,H5,N1,avian,7.1,12,1.5,2,1.5,2,4.75,,5.25,,4.75,,1.98,,1.5
F204,A/Egypt/N03072/2010,6,EID,path,false,0,true,NA,true,true,H5,N1,avian,5.4,4,2.2,2,2.2,2,5.5,,4.25,,5.5,,2.25,,1.5
F205,A/Egypt/N03072/2010,6,EID,path,false,0,true,NA,true,true,H5,N1,avian,19.1,10,1.7,2,1.7,2,4.5,,4.75,,4.75,,2.5,,2.5
F206,A/gyrfalcon/WA/41088-6/2014,6,EID,DC,false,0,true,NA,true,true,H5,N8,avian,9.4,6,1.6,8,0.9,5,2.25,,2.25,,1.98,,1.98,,1.5
F207,A/gyrfalcon/WA/41088-6/2014,6,EID,DC,false,0,true,NA,true,true,H5,N8,avian,0,0,1.2,9,1.1,2,4.25,,3.25,,1.98,,1.5,,1.5
F208,A/gyrfalcon/WA/41088-6/2014,6,EID,DC,false,0,true,NA,true,true,H5,N8,avian,1.2,6,1,9,0.4,4,2.75,,1.98,,2.75,,1.5,,1.5
F209,A/Northern pintail/WA/40964/2014,6,EID,DC,false,0,true,NA,true,true,H5,N2,avian,1,2,1.3,9,1.2,4,4.25,,3.25,,3.25,,2.5,,1.5
F210,A/Northern pintail/WA/40964/2014,6,EID,DC,false,0,true,NA,true,true,H5,N2,avian,0,0,2.1,8,1,2,1.98,,4.25,,4.75,,1.98,,1.5
F211,A/Northern pintail/WA/40964/2014,6,EID,DC,false,0,true,NA,true,true,H5,N2,avian,0,0,0.9,7,0.5,4,4.5,,3.5,,4.5,,1.5,,1.5
F212,A/Texas/14/2008,6,PFU,DC,false,0,true,NA,false,false,H1,N1,variant,7.3,7,1.4,1,1.4,1,7.41,,4.38,,4.11,,1,,1
F213,A/Texas/14/2008,6,PFU,DC,false,0,true,NA,false,false,H1,N1,variant,12.8,5,1.9,1,1.9,1,6.57,,4.19,,3.49,,1,,1
F214,A/Texas/14/2008,6,PFU,DC,false,0,true,NA,false,false,H1,N1,variant,6.6,7,0.6,14,0.4,3,6.04,,4.06,,3.98,,1,,1
F215,A/Texas/14/2008,6,PFU,RD,true,9,true,no,false,false,H1,N1,variant,26.4,9,0,0,0,0,6.15,,5.19,,4.49,,1,,1
F216,A/Texas/14/2008,6,PFU,RD,false,0,true,no,false,false,H1,N1,variant,10.1,7,0.3,1,0.3,1,6.41,,4.67,,3.48,,1,,1
F217,A/Texas/14/2008,6,PFU,RD,false,0,true,no,false,false,H1,N1,variant,16.2,9,0,0,0,0,7.45,,4.64,,3.65,,1,,1
F218,A/Ohio/2/2007,6,PFU,RD,false,0,true,no,false,false,H1,N1,variant,17.5,9,0.3,3,0.3,3,3.88,,4,,4.28,,3.28,,1
F219,A/Ohio/2/2007,6,PFU,RD,true,12,true,no,false,false,H1,N1,variant,25.6,12,0.4,7,0.2,3,5.28,,5.18,,4.28,,3.2,,1
F220,A/Ohio/2/2007,6,PFU,RD,false,0,true,no,false,false,H1,N1,variant,4.7,7,1.3,1,1.3,1,5.23,,5.34,,4,,1,,1
F221,A/Ohio/2/2007,6,PFU,DC,false,0,true,NA,false,false,H1,N1,variant,4.6,5,1.3,1,1.3,1,5.26,,3.81,,4.45,,1,,1
F222,A/Ohio/2/2007,6,PFU,DC,false,0,true,NA,false,false,H1,N1,variant,1.5,7,0.7,7,0.3,5,3.81,,4.7,,4.52,,1,,1
F223,A/Ohio/2/2007,6,PFU,DC,false,0,true,NA,false,false,H1,N1,variant,13.3,7,0,0,0,0,5.78,,4.52,,4.23,,1,,1
F224,A/Indiana/08/2011,6,PFU,DC,false,0,true,NA,false,false,H3,N2,variant,11,6,1.2,2,1.2,2,7.61,,4.78,,4.28,,1,,1
F225,A/Indiana/08/2011,6,PFU,DC,false,0,true,NA,false,false,H3,N2,variant,8.5,10,1.6,4,1.6,4,7.28,,6.16,,3.26,,1,,1
F226,A/Indiana/08/2011,6,PFU,DC,false,0,true,NA,false,false,H3,N2,variant,13.7,10,2,12,1.1,2,6.47,,5.19,,4.15,,1,,1
F227,A/Minnesota/11/2010,6,PFU,RD,false,0,true,yes,false,false,H3,N2,variant,1.7,8,1.6,2,1.6,2,5.31,,5.7,,5.84,,5.4,,1
F228,A/Minnesota/11/2010,6,PFU,RD,false,0,true,yes,false,false,H3,N2,variant,11.1,8,1.8,2,1.8,2,5.42,,5.9,,5.71,,5.37,,1
F229,A/Minnesota/11/2010,6,PFU,RD,false,0,true,yes,false,false,H3,N2,variant,2.7,10,1.6,2,1.6,2,5.58,,6.2,,5.54,,4.66,,1
F230,A/Minnesota/11/2010,6,PFU,DC,false,0,true,NA,false,false,H3,N2,variant,1.2,3,1.4,3,1.4,3,6.04,,6.75,,6.18,,1,,1
F231,A/Minnesota/11/2010,6,PFU,DC,false,0,true,NA,false,false,H3,N2,variant,8.2,7,1.1,3,1.1,3,5.67,,5.75,,5.59,,5.36,,1
F232,A/Minnesota/11/2010,6,PFU,DC,false,0,true,NA,false,false,H3,N2,variant,2.7,10,0.3,3,0.3,3,6.26,,5.79,,4.74,,1,,1
F233,A/Minnesota/11/2010,6,EID,RD,false,0,true,yes,false,false,H3,N2,variant,1.7,8,1.6,2,1.6,2,3.25,,4.5,,6.25,,2.75,,1.5
F234,A/Minnesota/11/2010,6,EID,RD,false,0,true,yes,false,false,H3,N2,variant,11.1,8,1.8,2,1.8,2,4.25,,3.75,,6.75,,4.75,,1.5
F235,A/Minnesota/11/2010,6,EID,RD,false,0,true,yes,false,false,H3,N2,variant,2.7,10,1.6,2,1.6,2,4.75,,1.98,,6.5,,3.5,,1.5
F236,A/Pennsylvania/14/2010,6,PFU,DC,false,0,true,NA,false,false,H3,N2,variant,11.7,11,1.7,2,1.7,2,6.54,,5.73,,4.43,,1.3,,1
F237,A/Pennsylvania/14/2010,6,PFU,DC,false,0,true,NA,false,false,H3,N2,variant,7,4,1.6,2,1.6,2,5.28,,5.2,,4.59,,1.3,,1
F238,A/Pennsylvania/14/2010,6,PFU,DC,false,0,true,NA,false,false,H3,N2,variant,14.3,12,1.3,2,1.3,2,6.61,,4.3,,4.61,,1,,1
F239,A/Kansas/13/2009,6,PFU,DC,false,0,true,NA,false,false,H3,N2,variant,5.5,6,1.5,2,1.5,2,5.24,,4.24,,5.11,,1,,1
F240,A/Kansas/13/2009,6,PFU,DC,false,0,true,NA,false,false,H3,N2,variant,5.3,5,1.4,2,1.4,2,5.31,,4.98,,5.11,,1,,1
F241,A/Kansas/13/2009,6,PFU,DC,false,0,true,NA,false,false,H3,N2,variant,6.1,2,2.5,2,2.5,2,6.13,,5.47,,4.6,,1.48,,1
F242,A/Kansas/13/2009,6,PFU,RD,false,0,true,no,false,false,H3,N2,variant,10.5,7,1.7,2,1.7,2,4.74,,4.37,,4.8,,1,,1
F243,A/Kansas/13/2009,6,PFU,RD,false,0,true,yes,false,false,H3,N2,variant,9.4,10,1.7,2,1.7,2,5.6,,5.57,,5.29,,1,,1
F244,A/Kansas/13/2009,6,PFU,RD,false,0,true,yes,false,false,H3,N2,variant,10,14,1.6,4,1.6,4,4.72,,5.69,,5.4,,1,,1
F245,A/Iowa/39/2015,5,PFU,DC,false,0,true,NA,false,false,H1,N1,variant,5.9,7,0.1,10,0,0,5.26,,4.02,,4.61,,2,,1
F246,A/Iowa/39/2015,5,PFU,DC,false,0,true,NA,false,false,H1,N1,variant,2.2,10,0.2,2,0.2,2,5.22,,5.27,,4.37,,2,,1
F247,A/Iowa/39/2015,5,PFU,DC,false,0,true,NA,false,false,H1,N1,variant,2.8,6,0.2,3,0.2,3,5.13,,4.29,,4.61,,2,,1
F248,A/Iowa/39/2015,5,PFU,RD,false,0,true,no,false,false,H1,N1,variant,1,9,0.8,3,0.8,3,5.13,,4.1,,4.48,,2,,1
F249,A/Iowa/39/2015,5,PFU,RD,false,0,true,yes,false,false,H1,N1,variant,14,10,1,2,1,2,5.11,,4.86,,4.73,,2,,1
F250,A/Iowa/39/2015,5,PFU,RD,false,0,true,yes,false,false,H1,N1,variant,4.9,6,0.7,3,0.7,3,5.11,,4.29,,4.2,,2,,1
F251,A/Minnesota/19/2011,6,PFU,path,false,0,true,NA,false,false,H1,N2,variant,8.2,8,2,2,2,2,6.69,,5.02,,4.93,,1,,1
F252,A/Minnesota/19/2011,6,PFU,path,false,0,true,NA,false,false,H1,N2,variant,11.7,9,2.6,1,2.6,1,6.38,,4.79,,5.34,,1,,1
F253,A/Minnesota/19/2011,6,PFU,path,false,0,true,NA,false,false,H1,N2,variant,8.5,2,2,2,2,2,7.45,,4.33,,5.18,,1,,1
F254,A/Minnesota/19/2011,6,PFU,DC,false,0,true,NA,false,false,H1,N2,variant,12.3,10,0.8,4,0.8,4,6,,5,,5.43,,1,,1
F255,A/Minnesota/19/2011,6,PFU,DC,false,0,true,NA,false,false,H1,N2,variant,11.5,7,1.2,1,1.2,1,6.26,,5.06,,5.35,,1,,1
F256,A/Minnesota/19/2011,6,PFU,DC,false,0,true,NA,false,false,H1,N2,variant,7.4,4,1.3,1,1.3,1,6.57,,4.6,,5.27,,1,,1
F257,A/Minnesota/19/2011,6,PFU,RD,false,0,true,no,false,false,H1,N2,variant,11.2,3,1.6,1,1.6,1,6.26,,4.86,,5.15,,2.4,,1
F258,A/Minnesota/19/2011,6,PFU,RD,false,0,true,no,false,false,H1,N2,variant,4.1,8,0.5,8,0.1,4,6.93,,4.78,,4.85,,1.7,,1
F259,A/Minnesota/19/2011,6,PFU,RD,false,0,true,yes,false,false,H1,N2,variant,0,0,2.9,1,2.9,1,6.77,,5.11,,5.45,,1,,1
F260,A/Minnesota/45/2016,6,PFU,DC,false,0,true,NA,false,false,H1,N2,variant,18.5,8,1.1,8,0.9,5,7.23,,4.49,,4.7,,1,,1
F261,A/Minnesota/45/2016,6,PFU,DC,false,0,true,NA,false,false,H1,N2,variant,9,3,0.7,2,0.7,2,6.64,,4.62,,5.13,,1,,1
F262,A/Minnesota/45/2016,6,PFU,DC,false,0,true,NA,false,false,H1,N2,variant,17.8,10,1,2,1,2,5.13,,5.44,,4,,1,,1
F263,A/Minnesota/45/2016,6,PFU,RD,false,0,true,yes,false,false,H1,N2,variant,12.9,8,1.7,2,1.7,2,6.84,,5.77,,5.08,,1,,1
F264,A/Minnesota/45/2016,6,PFU,RD,false,0,true,yes,false,false,H1,N2,variant,20.1,7,1,4,1,4,6.78,,5.32,,6.6,,1,,1
F265,A/Minnesota/45/2016,6,PFU,RD,false,0,true,yes,false,false,H1,N2,variant,15.2,8,1.5,2,1.5,2,7.06,,6.19,,5.34,,1,,1
F266,A/Wisconsin/71/2016,6,PFU,DC,false,0,true,NA,false,false,H1,N2,variant,14.4,6,3,1,3,1,5.48,,5.13,,4.64,,2.15,,1
F267,A/Wisconsin/71/2016,6,PFU,DC,false,0,true,NA,false,false,H1,N2,variant,16,6,1.4,2,1.4,2,7.13,,5.06,,5.11,,1,,1
F268,A/Wisconsin/71/2016,6,PFU,DC,false,0,true,NA,false,false,H1,N2,variant,0,0,1.6,2,1.6,2,6.75,,5.6,,4.67,,1.85,,1
F269,A/Wisconsin/71/2016,6,PFU,RD,true,9,true,no,false,false,H1,N2,variant,26.1,9,1.6,2,1.6,2,7.27,,4.64,,4.45,,1,,1
F270,A/Wisconsin/71/2016,6,PFU,RD,false,0,true,yes,false,false,H1,N2,variant,11.2,6,1.2,5,1.2,5,6.81,,4.93,,4.66,,1,,1
F271,A/Wisconsin/71/2016,6,PFU,RD,false,0,true,yes,false,false,H1,N2,variant,12.7,8,1.1,6,0.7,2,6.53,,5.43,,4.26,,1.48,,1
F272,A/Ohio/09/2015,5,PFU,DC,false,0,true,NA,false,false,H1,N1,variant,7.8,9,0.8,1,0.8,1,7.16,,4.67,,4.46,,1,,1
F273,A/Ohio/09/2015,5,PFU,DC,false,0,true,NA,false,false,H1,N1,variant,17,11,1.5,2,1.5,2,7.61,,4.86,,4.9,,1,,1
F274,A/Ohio/09/2015,5,PFU,DC,false,0,true,NA,false,false,H1,N1,variant,10.3,10,0.7,4,0.7,4,5.66,,5.32,,4.62,,1,,1
F275,A/Ohio/09/2015,5,PFU,RD,false,0,true,no,false,false,H1,N1,variant,10.5,10,2.3,2,2.3,2,7.02,,5.39,,4.39,,1,,1
F276,A/Ohio/09/2015,5,PFU,RD,false,0,true,yes,false,false,H1,N1,variant,9,9,1.2,2,1.2,2,6.31,,5.15,,5.1,,1,,1
F277,A/Ohio/09/2015,5,PFU,RD,false,0,true,no,false,false,H1,N1,variant,13.4,10,1.3,2,1.3,2,7.11,,5.48,,5.04,,1.7,,1
F278,A/canine/IL/12191/2015,7,EID,DC,false,0,true,NA,false,false,H3,N2,canine,1.9,6,2.3,3,2.3,3,7.25,,5.5,,5.75,,1.5,,1.5
F279,A/canine/IL/12191/2015,7,EID,DC,false,0,true,NA,false,false,H3,N2,canine,8.1,10,2.9,6,2.7,1,6.5,,6.75,,5.75,,1.5,,1.5
F280,A/canine/IL/12191/2015,7,EID,DC,false,0,true,NA,false,false,H3,N2,canine,3.2,7,2.3,1,2.3,1,6.75,,6.5,,4.75,,1.5,,1.5
F281,A/Brisbane/59/2007,6,PFU,path,false,0,true,NA,false,false,H1,N1,human,7,10,0.8,7,0,0,6.08,,3.42,,4.63,,1,,1
F282,A/Brisbane/59/2007,6,PFU,path,false,0,true,NA,false,false,H1,N1,human,14.2,10,0.5,7,0,0,7.22,,4.11,,3.95,,1,,1
F283,A/Brisbane/59/2007,6,PFU,path,false,0,true,NA,false,false,H1,N1,human,6.5,8,1.3,5,1.3,5,6.3,,3.85,,4.08,,1,,1
F284,A/Brisbane/59/2007,6,PFU,RD,false,0,true,yes,false,false,H1,N1,human,5.3,9,1.1,2,1.1,2,5.58,,6.72,,4.49,,1.5,,1.5
F285,A/Brisbane/59/2007,6,PFU,RD,false,0,true,yes,false,false,H1,N1,human,4.2,6,1.6,3,1.6,3,6.77,,6.95,,4.97,,1.5,,1.5
F286,A/Brisbane/59/2007,6,PFU,RD,false,0,true,yes,false,false,H1,N1,human,6.5,10,1.4,2,1.4,2,6.55,,6.73,,4.61,,1.5,,1.5
F287,A/Brisbane/59/2007,6,PFU,DC,false,0,true,NA,false,false,H1,N1,human,2.7,8,1.9,3,1.9,3,7.69,,6.78,,4.61,,1.5,,1.5
F288,A/Brisbane/59/2007,6,PFU,DC,false,0,true,NA,false,false,H1,N1,human,5.8,6,1,3,1,3,6.57,,5.94,,4.77,,1.5,,1.5
F289,A/Brisbane/59/2007,6,PFU,DC,false,0,true,NA,false,false,H1,N1,human,4.6,6,1.1,3,1.1,3,6.93,,7.48,,3.72,,1.5,,1.5
F290,A/California/4/2009,6,PFU,RD,false,0,true,yes,false,false,H1,N1,human,5.9,7,2.6,5,2.6,5,7.11,,5.32,,4.38,,1.5,,1.5
F291,A/California/4/2009,6,PFU,RD,false,0,true,no,false,false,H1,N1,human,20.4,9,2.3,5,2.3,5,6.85,,4.73,,4.59,,1.5,,1.5
F292,A/California/4/2009,6,PFU,RD,false,0,true,yes,false,false,H1,N1,human,9.2,7,2.3,3,2.3,3,6.83,,5.36,,5.3,,1.5,,1.5
F293,A/California/4/2009,6,PFU,DC,false,0,true,NA,false,false,H1,N1,human,5,7,1.8,1,1.8,1,7.76,,4.98,,4.93,,1.5,,1.5
F294,A/California/4/2009,6,PFU,DC,false,0,true,NA,false,false,H1,N1,human,6.8,5,1.3,1,1.3,1,5.48,,5.67,,5.53,,1.5,,1.5
F295,A/California/4/2009,6,PFU,DC,false,0,true,NA,false,false,H1,N1,human,14.4,7,1,5,1,5,7.04,,5.68,,4.81,,1.5,,1.5
F296,A/California/4/2009,6,PFU,path,false,0,true,NA,false,false,H1,N1,human,9.5,9,1.6,3,1.6,3,6.4,,6.3,,5.5,,1.5,,1.5
F297,A/California/4/2009,6,PFU,path,false,0,true,NA,false,false,H1,N1,human,8.5,7,1.8,4,1.8,4,6.1,,6.5,,5.4,,2.7,,1.5
F298,A/California/4/2009,6,PFU,path,false,0,true,NA,false,false,H1,N1,human,9.7,8,1.8,4,1.8,4,6.9,,6.8,,5.5,,2.9,,1.5
F299,A/California/4/2009,5,PFU,path,false,0,true,NA,false,false,H1,N1,human,2.4,6,2,1,2,1,7.48,,4.24,,4.6,,1,,1
F300,A/California/4/2009,5,PFU,path,false,0,true,NA,false,false,H1,N1,human,5.2,4,2.1,12,1.8,2,6.27,,4.44,,4.46,,1,,1
F301,A/California/4/2009,5,PFU,path,false,0,true,NA,false,false,H1,N1,human,13.3,9,2.1,2,2.1,2,6.43,,4.61,,5.22,,1,,1
F302,A/California/7/2009,5,PFU,RD,false,0,true,yes,false,false,H1,N1,human,6.6,7,1,1,1,1,7.16,,5.33,,2.34,,1,,1
F303,A/California/7/2009,5,PFU,RD,false,0,true,yes,false,false,H1,N1,human,7.2,7,0.6,1,0.6,1,6.66,,5.69,,2.3,,1,,1
F304,A/California/7/2009,5,PFU,RD,false,0,true,yes,false,false,H1,N1,human,17.9,9,0.5,5,0.5,5,7.34,,5.41,,2.3,,1,,1
F305,A/Texas/15/2009,6,PFU,RD,false,0,true,no,false,false,H1,N1,human,8.3,3,3.9,5,3.9,5,5.93,,5.08,,4.78,,1.5,,1.5
F306,A/Texas/15/2009,6,PFU,RD,false,0,true,yes,false,false,H1,N1,human,10.6,14,2.4,1,2.4,1,6.18,,6.3,,4.52,,1.5,,1.5
F307,A/Texas/15/2009,6,PFU,RD,false,0,true,yes,false,false,H1,N1,human,1.9,3,2.5,1,2.5,1,7.11,,5.15,,5.28,,1.5,,1.5
F308,A/Texas/15/2009,6,PFU,DC,false,0,true,NA,false,false,H1,N1,human,23.5,14,3.1,1,3.1,1,7.28,,5.18,,4.98,,1.5,,1.5
F309,A/Texas/15/2009,6,PFU,DC,false,0,true,NA,false,false,H1,N1,human,2.5,3,2.3,1,2.3,1,7.51,,4.4,,4.65,,1.5,,1.5
F310,A/Texas/15/2009,6,PFU,DC,false,0,true,NA,false,false,H1,N1,human,8.9,3,2.3,3,2.3,3,6.81,,4.48,,4.36,,1.5,,1.5
F311,A/Perth/16/2009,6,PFU,RD,false,0,true,no,false,false,H3,N2,human,4.3,3,1.4,2,1.4,2,4.07,,4.97,,6.11,,1.48,,1
F312,A/Perth/16/2009,6,PFU,RD,false,0,true,yes,false,false,H3,N2,human,2.8,3,1.1,2,1.1,2,4.9,,5.08,,5.61,,2.69,,1
F313,A/Perth/16/2009,6,PFU,RD,false,0,true,yes,false,false,H3,N2,human,5.2,8,0.4,2,0.4,2,4.11,,5.1,,5.43,,1,,1
F314,A/Perth/16/2009,6,PFU,DC,false,0,true,NA,false,false,H3,N2,human,0,0,1.9,2,1.9,2,5.21,,4.38,,5.51,,3.27,,1
F315,A/Perth/16/2009,6,PFU,DC,false,0,true,NA,false,false,H3,N2,human,7.6,4,1.6,7,1.3,2,5.16,,5.19,,5.71,,2.84,,1
F316,A/Perth/16/2009,6,PFU,DC,false,0,true,NA,false,false,H3,N2,human,1.6,3,0.6,2,0.6,2,5.48,,5.31,,5.68,,3.04,,1
F317,A/Perth/16/2009,6,PFU,path,false,0,false,NA,false,false,H3,N2,human,0.2,1,1.3,2,1.3,2,,6.83,,5.83,,5.56,,1,
F318,A/Perth/16/2009,6,PFU,path,false,0,false,NA,false,false,H3,N2,human,0,0,0.7,1,0.7,1,,6.83,,5.36,,5.59,,1,
F319,A/Perth/16/2009,6,PFU,path,false,0,false,NA,false,false,H3,N2,human,3.6,4,0.7,7,0.1,1,,5.88,,5.22,,5.28,,1,
F320,A/Perth/16/2009,6,PFU,path,false,0,false,NA,false,false,H3,N2,human,1.5,4,1.9,2,1.9,2,,6.89,,6.06,,5.92,,1,
F321,A/Perth/16/2009,6,PFU,path,false,0,false,NA,false,false,H3,N2,human,0,0,0.5,1,0.5,1,,7.06,,6.05,,4.69,,1,
F322,A/Perth/16/2009,6,PFU,path,false,0,false,NA,false,false,H3,N2,human,0.3,2,0,0,0,0,,6.79,,5.32,,4.79,,1,
F323,A/Indiana/08/2011,6,PFU,path,false,0,false,NA,false,false,H3,N2,variant,0,0,1,2,1,2,,7.5,,3.95,,3.23,,2.34,
F324,A/Indiana/08/2011,6,PFU,path,false,0,false,NA,false,false,H3,N2,variant,0.2,1,1.8,2,1.8,2,,6.88,,4.48,,3.3,,2,
F325,A/Indiana/08/2011,6,PFU,path,false,0,false,NA,false,false,H3,N2,variant,0,0,1.6,2,1.6,2,,7.02,,4.68,,3.28,,2.79,
F326,A/Indiana/08/2011,6,PFU,path,false,0,false,NA,false,false,H3,N2,variant,0,0,1.2,2,1.2,2,,6.41,,4.45,,3.08,,2.51,
F327,A/Indiana/08/2011,6,PFU,path,false,0,false,NA,false,false,H3,N2,variant,0,0,0.5,2,0.5,2,,6.88,,3.11,,3.78,,2.72,
F328,A/Indiana/08/2011,6,PFU,path,false,0,false,NA,false,false,H3,N2,variant,0,0,1.5,2,1.5,2,,6.36,,4.02,,2.85,,2.04,
F329,A/Indiana/08/2011,6,PFU,RD,false,0,true,yes,false,false,H3,N2,variant,5.4,2,2,2,2,2,6.63,,4.29,,3.9,,1,,1
F330,A/Indiana/08/2011,6,PFU,RD,false,0,true,yes,false,false,H3,N2,variant,5,2,1.1,2,1.1,2,6.54,,4.88,,4.48,,1.3,,1.3
F331,A/Indiana/08/2011,6,PFU,RD,false,0,true,yes,false,false,H3,N2,variant,1,2,3.5,2,3.5,2,6.32,,4.6,,4.71,,1,,1
F332,A/Turkey/Indiana/1403/2016,6,EID,DC,false,0,true,NA,true,true,H7,N8,avian,13.5,12,1.4,2,1.4,2,4.5,,2.5,,2.25,,1.5,,1.5
F333,A/Turkey/Indiana/1403/2016,6,EID,DC,true,10,true,NA,true,true,H7,N8,avian,24.3,10,2.1,2,2.1,2,4.75,,3.5,,4.25,,3.75,,1.5
F334,A/Turkey/Indiana/1403/2016,6,EID,DC,false,0,true,NA,true,true,H7,N8,avian,9.1,4,1.7,3,1.7,3,6.25,,4.5,,5.25,,1.5,,1.5
F335,A/Turkey/Indiana/1573-02/2016,6,EID,DC,false,0,true,NA,false,false,H7,N8,avian,0,0,1,5,1,5,5.5,,6.25,,5.25,,2.75,,1.5
F336,A/Turkey/Indiana/1573-02/2016,6,EID,DC,false,0,true,NA,false,false,H7,N8,avian,2.5,3,1.2,10,1,4,3.5,,4.25,,4.5,,1.5,,1.5
F337,A/Turkey/Indiana/1573-02/2016,6,EID,DC,false,0,true,NA,false,false,H7,N8,avian,2.1,1,0.9,4,0.9,4,3.25,,4.5,,5.25,,1.5,,1.5
F338,A/Ohio/27/2016,6,PFU,DC,false,0,true,NA,false,false,H3,N2,variant,16.4,7,1,2,1,2,6.32,,5.1,,4.95,,1,,1
F339,A/Ohio/27/2016,6,PFU,DC,false,0,true,NA,false,false,H3,N2,variant,12.4,6,2.3,5,2.3,5,3.93,,5.11,,5.46,,1,,1
F340,A/Ohio/27/2016,6,PFU,DC,false,0,true,NA,false,false,H3,N2,variant,14.4,8,1.1,1,1.1,1,6.51,,4.37,,4.19,,1,,1
F341,A/Ohio/27/2016,6,PFU,RD,false,0,true,yes,false,false,H3,N2,variant,15,4,0.4,1,0.4,1,5.2,,4.74,,4.48,,1,,1
F342,A/Ohio/27/2016,6,PFU,RD,false,0,true,yes,false,false,H3,N2,variant,22,10,1.7,10,0.9,1,5.51,,5.43,,6.06,,1,,1
F343,A/Ohio/27/2016,6,PFU,RD,false,0,true,yes,false,false,H3,N2,variant,17.7,10,0.6,1,0.6,1,6.19,,4.04,,4.28,,1,,1
F344,A/Ohio/13/2012,6,PFU,RD,false,0,true,yes,false,false,H3,N2,variant,15.8,7,1.4,2,1.4,2,5.23,,5.79,,5.61,,1,,1
F345,A/Ohio/13/2012,6,PFU,RD,false,0,true,yes,false,false,H3,N2,variant,14.8,8,0.9,1,0.9,1,6.72,,4.45,,5.78,,1,,1
F346,A/Ohio/13/2012,6,PFU,RD,false,0,true,yes,false,false,H3,N2,variant,12.9,10,1.1,5,1.1,5,5.95,,3.59,,5.23,,1,,1
F347,A/Ohio/13/2012,6,PFU,DC,false,0,true,NA,false,false,H3,N2,variant,13.1,6,1.5,2,1.5,2,7.11,,6.34,,4.9,,1,,1
F348,A/Ohio/13/2012,6,PFU,DC,false,0,true,NA,false,false,H3,N2,variant,11.7,7,1.3,2,1.3,2,6.15,,5.81,,5.9,,1,,1
F349,A/Ohio/13/2012,6,PFU,DC,false,0,true,NA,false,false,H3,N2,variant,7.1,6,1.2,4,1.2,4,7.15,,5.11,,5.8,,1,,1
F350,A/Iowa/08/2011,6,PFU,RD,false,0,true,no,false,false,H3,N2,variant,12.7,5,2.1,1,2.1,1,5.78,,6.1,,4.5,,4.57,,1
F351,A/Iowa/08/2011,6,PFU,RD,true,8,true,no,false,false,H3,N2,variant,24.9,8,1.3,2,1.3,2,7.08,,5.11,,5.15,,1.95,,
F352,A/Iowa/08/2011,6,PFU,RD,false,0,true,no,false,false,H3,N2,variant,9.8,7,1.2,2,1.2,2,6.26,,5.98,,4.74,,4.04,,1
F353,A/Iowa/08/2011,6,PFU,RD,false,0,true,no,false,false,H3,N2,variant,4.2,6,1,2,1,2,5.51,,5.41,,5,,1,,1
F354,A/Iowa/08/2011,6,PFU,RD,false,0,true,no,false,false,H3,N2,variant,10,6,1.7,2,1.7,2,5.66,,5.53,,4.9,,1,,1
F355,A/Iowa/08/2011,6,PFU,RD,false,0,true,yes,false,false,H3,N2,variant,6.3,6,1.7,2,1.7,2,5.67,,5.56,,6.35,,1,,1
F356,A/Michigan/39/2015,6,PFU,DC,false,0,true,NA,false,false,H3,N2,variant,20.1,7,1,5,1,5,5.53,,4.28,,4.06,,1,,1
F357,A/Michigan/39/2015,6,PFU,DC,false,0,true,NA,false,false,H3,N2,variant,14.4,10,0.8,2,0.8,2,5.64,,3.8,,4.28,,1,,1
F358,A/Michigan/39/2015,6,PFU,DC,false,0,true,NA,false,false,H3,N2,variant,10.1,4,0.8,2,0.8,2,5.22,,4,,4.5,,1,,1
F359,A/Michigan/39/2015,6,PFU,RD,false,0,true,no,false,false,H3,N2,variant,8.9,9,1,6,0,0,4.85,,4.92,,5.2,,3.18,,1
F360,A/Michigan/39/2015,6,PFU,RD,false,0,true,no,false,false,H3,N2,variant,14.4,7,1.8,2,1.8,2,5.69,,4.24,,4.8,,1.7,,1
F361,A/Michigan/39/2015,6,PFU,RD,false,0,true,no,false,false,H3,N2,variant,6.1,7,1.2,5,1.2,5,5.54,,3.95,,3.6,,1,,1
F362,A/Panama/2007/1999,6,EID,RD,false,0,true,yes,false,false,H3,N2,human,9.5,8,0.5,2,0.5,2,6.75,,6.25,,5.75,,2.25,,1.5
F363,A/Panama/2007/1999,6,EID,RD,false,0,true,yes,false,false,H3,N2,human,6.4,3,1.5,2,1.5,2,5.5,,4.75,,5.25,,3.5,,1.5
F364,A/Panama/2007/1999,6,EID,RD,false,0,true,yes,false,false,H3,N2,human,7.2,2,0,0,0,0,8.5,,4.75,,4.75,,2.75,,1.5
F365,A/chicken/Texas/18-007912-2/2018,6,EID,DC,false,0,true,NA,false,false,H7,N1,avian,1.2,1,0.7,4,0.7,4,4.25,,6.5,,5.5,,1.98,,2.25
F366,A/chicken/Texas/18-007912-2/2018,6,EID,DC,false,0,true,NA,false,false,H7,N1,avian,0,0,0.4,4,0.4,4,4.5,,7.25,,5.5,,3.5,,1.5
F367,A/chicken/Texas/18-007912-2/2018,6,EID,DC,false,0,true,NA,false,false,H7,N1,avian,5.4,7,1.1,8,0.8,5,3.5,,6.5,,7.25,,3.5,,1.5
F368,A/turkey/California/18-031151-4/2018,6,EID,DC,false,0,true,NA,false,false,H7,N3,avian,2.2,1,0.9,12,0.4,3,5.5,,5.75,,5.25,,3.5,,1.5
F369,A/turkey/California/18-031151-4/2018,6,EID,DC,false,0,true,NA,false,false,H7,N3,avian,3.4,12,1,9,0.2,1,5.25,,6.25,,5.5,,2.75,,1.5
F370,A/turkey/California/18-031151-4/2018,6,EID,DC,false,0,true,NA,false,false,H7,N3,avian,5.2,8,0.8,6,0,0,5.75,,6.25,,6.25,,2.25,,2.25
F371,A/Hunan/42443/2015,6,PFU,DC,false,0,true,NA,false,false,H1,N1,variant,15,7,1.6,2,1.6,2,6.48,,5.08,,5.15,,1,,1
F372,A/Hunan/42443/2015,6,PFU,DC,false,0,true,NA,false,false,H1,N1,variant,12.6,6,1.8,2,1.8,2,5.67,,4.24,,4.76,,3.41,,1
F373,A/Hunan/42443/2015,6,PFU,DC,false,0,true,NA,false,false,H1,N1,variant,10,8,1.8,2,1.8,2,6.74,,4.41,,4.41,,1,,1
F374,A/Hunan/42443/2015,6,PFU,RD,false,0,true,yes,false,false,H1,N1,variant,14.8,9,0.8,2,0.8,2,4.28,,5.08,,4.08,,1,,1
F375,A/Hunan/42443/2015,6,PFU,RD,false,0,true,no,false,false,H1,N1,variant,18.6,11,2.3,2,2.3,2,5.98,,5.08,,3.96,,1,,1
F376,A/Hunan/42443/2015,6,PFU,RD,false,0,true,yes,false,false,H1,N1,variant,10.1,8,0.7,2,0.7,2,5.02,,4.59,,4.15,,1,,1
F377,A/Netherlands/1132/2009,6,PFU,RD,false,0,true,yes,false,false,H1,N1,human,9.2,7,1.7,1,1.7,1,5.81,,4.95,,4.39,,1,,1
F378,A/Netherlands/1132/2009,6,PFU,RD,false,0,true,yes,false,false,H1,N1,human,3.7,3,2.4,1,2.4,1,6.31,,5.16,,4.69,,1,,1
F379,A/Netherlands/1132/2009,6,PFU,RD,false,0,true,yes,false,false,H1,N1,human,6.8,7,0.3,5,0.3,5,5.9,,4.69,,4.09,,1,,1
F380,A/Netherlands/1132/2009,6,PFU,RD,false,0,true,yes,false,false,H1,N1,human,5.3,7,3.3,2,3.3,2,5.78,,4.68,,4.34,,1,,1
F381,A/Netherlands/1132/2009,6,PFU,RD,false,0,true,yes,false,false,H1,N1,human,10,6,2.1,2,2.1,2,5.54,,5.15,,4.2,,1,,1
F382,A/Netherlands/1132/2009,6,PFU,RD,false,0,true,yes,false,false,H1,N1,human,13.4,8,2.4,2,2.4,2,4.27,,6.15,,4.31,,1,,1
F383,A/Thailand/SP83/2004,7,EID,path,false,0,true,NA,true,true,H5,N1,avian,9.3,9,1.6,7,0.3,1,3.5,,3.5,,2.5,,1.5,,1.5
F384,A/Thailand/SP83/2004,7,EID,path,false,0,true,NA,true,true,H5,N1,avian,6.5,5,0.7,1,0.7,1,3.5,,3.5,,2.75,,1.5,,1.5
F385,A/Thailand/SP83/2004,7,EID,path,false,0,true,NA,true,true,H5,N1,avian,22.4,9,1.5,7,0.3,3,3.75,,3.5,,3.5,,1.5,,1.5
F386,A/Thailand/16/2004,7,EID,path,true,7,true,NA,true,true,H5,N1,avian,15.5,7,1.5,5,1.5,5,5.75,,5.25,,3.75,,5.5,,
F387,A/Thailand/16/2004,7,EID,path,true,6,true,NA,true,true,H5,N1,avian,10.1,5,3,1,3,1,5.75,,6.25,,4.5,,,,
F388,A/Thailand/16/2004,7,EID,path,true,7,true,NA,true,true,H5,N1,avian,14.5,5,2.5,1,2.5,1,5.5,,5.25,,5.5,,,,
F389,A/Hong Kong/486/1997,7,EID,path,false,0,true,NA,true,true,H5,N1,avian,9.3,7,1.5,7,0.6,3,4.25,,6.25,,5.25,,1.5,,1.5
F390,A/Hong Kong/486/1997,7,EID,path,false,0,true,NA,true,true,H5,N1,avian,13.4,5,1.7,1,1.7,1,5.25,,6,,6.25,,1.5,,1.5
F391,A/Hong Kong/486/1997,6,EID,DC,false,0,true,NA,true,true,H5,N1,avian,2.3,3,3,2,3,2,6.5,,6.25,,2.25,,1.5,,1.5
F392,A/Hong Kong/486/1997,6,EID,DC,false,0,true,NA,true,true,H5,N1,avian,15.6,6,3,2,3,2,4.75,,5.25,,3.5,,1.5,,1.5
F393,A/Hong Kong/486/1997,6,EID,path,false,0,true,NA,true,true,H5,N1,avian,12.9,5,3,2,3,2,6.25,,8.75,,4.5,,1.5,,1.5
F394,A/Hong Kong/486/1997,6,EID,RD,false,0,true,no,true,true,H5,N1,avian,18.4,6,0.7,5,0.7,5,5.25,,6.75,,7.5,,1.5,,1.5
F395,A/Hong Kong/486/1997,6,EID,RD,false,0,true,no,true,true,H5,N1,avian,9,3,0.6,2,0.6,2,4.75,,6.25,,5.75,,1.5,,1.5
F396,A/Hong Kong/486/1997,6,EID,RD,true,8,true,no,true,true,H5,N1,avian,22.1,8,1,1,1,1,5.75,,6.75,,7.75,,1.5,,
F397,A/Vietnam/1203/2004,7,EID,path,true,6,true,NA,true,true,H5,N1,avian,14.5,5,2,3,2,3,4.75,,5.25,,5.5,,,,
F398,A/Vietnam/1203/2004,7,EID,path,true,6,true,NA,true,true,H5,N1,avian,14.8,5,1.3,5,1.3,5,3.75,,4.5,,5.5,,,,
F399,A/Vietnam/1203/2004,7,EID,path,true,8,true,NA,true,true,H5,N1,avian,13.3,7,1.1,3,1.1,3,5.5,,4.75,,4.5,,2.25,,
F400,A/Vietnam/1203/2004,7,EID,path,true,8,true,NA,true,true,H5,N1,avian,20.9,7,1.7,3,1.7,3,5.25,,3.75,,4.25,,3.75,,
F401,A/Vietnam/1203/2004,6,EID,path,true,6,false,NA,true,true,H5,N1,avian,17.4,6,2.8,6,1.8,2,,4.75,,1.98,,1.98,,,
F402,A/Vietnam/1203/2004,6,EID,path,true,6,false,NA,true,true,H5,N1,avian,15.4,6,1.6,2,1.6,2,,5.25,,3.75,,4.5,,,
F403,A/Vietnam/1203/2004,6,EID,path,true,6,false,NA,true,true,H5,N1,avian,13.7,6,1.9,5,1.9,5,,4.25,,4.5,,3.25,,,
F404,A/Vietnam/1203/2004,6,EID,path,true,6,false,NA,true,true,H5,N1,avian,16.4,6,3.2,1,3.2,1,,4.5,,5.5,,,,,
F405,A/Vietnam/1203/2004,6,EID,path,true,6,false,NA,true,true,H5,N1,avian,14.5,6,1.8,3,1.8,3,,4.5,,6.25,,5.25,,,
F406,A/Vietnam/1203/2004,6,EID,path,true,6,false,NA,true,true,H5,N1,avian,11.2,5,1.4,1,1.4,1,,4.75,,4.5,,,,,
F407,A/Vietnam/1203/2004,6,EID,path,true,6,false,NA,true,true,H5,N1,avian,12.3,6,1.9,1,1.9,1,,5.25,,6.25,,4.5,,,
F408,A/Panama/2007/1999,6,PFU,RD,false,0,true,no,false,false,H3,N2,human,18.1,8,0.4,6,0.1,1,6.66,,5.16,,4.53,,3,,1
F409,A/Panama/2007/1999,6,PFU,RD,false,0,true,yes,false,false,H3,N2,human,11,8,0.1,2,0.1,2,7.16,,5.61,,5,,1,,1
F410,A/Panama/2007/1999,6,PFU,RD,false,0,true,yes,false,false,H3,N2,human,9.4,10,0.2,2,0.2,2,6.06,,4.29,,5.44,,1.95,,1
F411,A/Anhui-Lujiang/39/2018,6,EID,RD,false,0,true,yes,false,false,H9,N2,avian,8.4,12,2,2,2,2,7.5,,7.5,,7.75,,4.75,,1.5
F412,A/Anhui-Lujiang/39/2018,6,EID,RD,false,0,true,yes,false,false,H9,N2,avian,12.6,10,1.5,6,1.3,2,7.5,,6.75,,9.25,,5.75,,1.5
F413,A/Anhui-Lujiang/39/2018,6,EID,RD,false,0,true,yes,false,false,H9,N2,avian,14.1,8,1.2,2,1.2,2,8.25,,6.25,,8.5,,4.25,,1.5
F414,A/Anhui-Lujiang/39/2018,6,EID,DC,false,0,true,NA,false,false,H9,N2,avian,12.4,10,1.2,2,1.2,2,9.25,,6.75,,9.5,,4.5,,1.98
F415,A/Anhui-Lujiang/39/2018,6,EID,DC,false,0,true,NA,false,false,H9,N2,avian,11.6,8,1.3,6,1.2,2,5.5,,7.5,,7.25,,5.5,,1.98
F416,A/Anhui-Lujiang/39/2018,6,EID,DC,false,0,true,NA,false,false,H9,N2,avian,15.1,8,2.3,2,2.3,2,7.25,,8.5,,8.25,,5.25,,2.5
F417,A/Anhui-Lujiang/39/2018,6,EID,RD,false,0,true,no,false,false,H9,N2,avian,7.9,8,2.3,5,2.3,5,6.5,,6.25,,8.25,,5.25,,1.75
F418,A/Anhui-Lujiang/39/2018,6,EID,RD,false,0,true,yes,false,false,H9,N2,avian,12.5,8,2.3,2,2.3,2,7.25,,5.75,,7.25,,4.25,,4.25
F419,A/Anhui-Lujiang/39/2018,6,EID,RD,false,0,true,yes,false,false,H9,N2,avian,5,9,1.5,2,1.5,2,7.5,,6.5,,7.5,,4.75,,1.5
F420,A/Hong Kong/308/2014,6,EID,RD,false,0,true,yes,false,false,H9,N2,avian,10.4,8,1.7,2,1.7,2,8.5,,6.5,,8.25,,2.75,,1.5
F421,A/Hong Kong/308/2014,6,EID,RD,false,0,true,yes,false,false,H9,N2,avian,9.3,8,1,2,1,2,8.25,,8.25,,8.25,,5.75,,2.25
F422,A/Hong Kong/308/2014,6,EID,RD,false,0,true,no,false,false,H9,N2,avian,7.8,8,1.5,2,1.5,2,7.5,,6.25,,8.25,,5.25,,1.5
F423,A/Hong Kong/308/2014,6,EID,DC,false,0,true,NA,false,false,H9,N2,avian,2.3,9,2,8,1.4,5,6.5,,6.75,,6.75,,4.75,,1.5
F424,A/Hong Kong/308/2014,6,EID,DC,false,0,true,NA,false,false,H9,N2,avian,0.3,3,1.1,2,1.1,2,7.5,,6.75,,7.5,,4.75,,1.5
F425,A/Hong Kong/308/2014,6,EID,DC,false,0,true,NA,false,false,H9,N2,avian,6,8,1.5,2,1.5,2,6.5,,6.25,,8.25,,3.5,,1.5
F426,A/Hong Kong/1073/1999,6,EID,DC,false,0,true,NA,false,false,H9,N2,avian,2.7,3,1.7,2,1.7,2,5.5,,6.5,,5.5,,3.5,,1.5
F427,A/Hong Kong/1073/1999,6,EID,DC,false,0,true,NA,false,false,H9,N2,avian,5.5,4,1.5,2,1.5,2,6.5,,6.25,,5.5,,3.25,,2.25
F428,A/Hong Kong/1073/1999,6,EID,DC,false,0,true,NA,false,false,H9,N2,avian,2.9,2,1,2,1,2,7.25,,6.75,,6.75,,2.5,,1.5
F429,A/Hong Kong/1073/1999,6,EID,RD,false,0,true,no,false,false,H9,N2,avian,2.5,3,1.5,2,1.5,2,5.75,,6.5,,6.5,,2.25,,1.5
F430,A/Hong Kong/1073/1999,6,EID,RD,false,0,true,no,false,false,H9,N2,avian,5,2,1.8,2,1.8,2,7.25,,6.25,,6.75,,3.25,,1.5
F431,A/Hong Kong/1073/1999,6,EID,RD,false,0,true,no,false,false,H9,N2,avian,6.9,6,2.5,2,2.5,2,6.75,,6.25,,6.25,,4.25,,1.5
F432,A/ck/CT/260413-2/2003,7,EID,DC,false,0,true,NA,false,false,H7,N2,avian,4.3,7,2.5,9,2,3,6.75,,6.75,,5.75,,1.98,,1.5
F433,A/ck/CT/260413-2/2003,7,EID,DC,false,0,true,NA,false,false,H7,N2,avian,0,0,2.1,5,2.1,5,7.25,,6.5,,6.25,,1.5,,1.5
F434,A/ck/CT/260413-2/2003,7,EID,DC,false,0,true,NA,false,false,H7,N2,avian,3.1,9,2,9,1.9,5,7.25,,6.5,,6.5,,1.5,,1.5
F435,A/ck/CT/260413-2/2003,7,EID,RD,false,0,true,no,false,false,H7,N2,avian,2.2,9,1.4,3,1.4,3,7.25,,6.5,,5.25,,1.5,,1.5
F436,A/ck/CT/260413-2/2003,7,EID,RD,false,0,true,no,false,false,H7,N2,avian,3,9,1.3,9,0.8,3,7.25,,5.25,,5.25,,1.98,,1.5
F437,A/ck/CT/260413-2/2003,7,EID,RD,false,0,true,no,false,false,H7,N2,avian,0,0,1.4,3,1.4,3,6.75,,7.5,,6.5,,1.5,,1.5
F438,A/Victoria/3/1975,6,EID,RD,false,0,true,yes,false,false,H3,N2,human,11.5,4,2.2,2,2.2,2,8.25,,6.5,,3,,1.5,,1.5
F439,A/Victoria/3/1975,6,EID,RD,false,0,true,yes,false,false,H3,N2,human,10.2,3,2.2,2,2.2,2,6.5,,4.25,,1.5,,1.5,,1.5
F440,A/Victoria/3/1975,6,EID,RD,false,0,true,yes,false,false,H3,N2,human,8.7,3,3.2,2,3.2,2,8.5,,5.25,,1.5,,1.5,,1.5
F441,A/Victoria/3/1975,6,EID,path,false,0,true,NA,false,false,H3,N2,human,1.7,5,1.7,2,1.7,2,4.75,,3.5,,3.5,,4.5,,1.5
F442,A/Victoria/3/1975,6,EID,path,false,0,true,NA,false,false,H3,N2,human,1,7,0.7,2,0.7,2,5.25,,6.25,,4.75,,4.25,,1.5
F443,A/Victoria/3/1975,6,EID,path,false,0,true,NA,false,false,H3,N2,human,0,0,1.3,2,1.3,2,4.25,,3.5,,3.75,,2,,1.5
F444,A/Indonesia/5/2005,6,EID,DC,true,7,true,NA,true,true,H5,N1,avian,20.4,7,2.3,1,2.3,1,4.25,,6.5,,5.75,,,,
F445,A/Indonesia/5/2005,6,EID,DC,true,7,true,NA,true,true,H5,N1,avian,16.5,7,1,1,1,1,3.75,,6.5,,6.5,,3.75,,
F446,A/Indonesia/5/2005,6,EID,DC,true,7,true,NA,true,true,H5,N1,avian,19.4,7,1.1,1,1.1,1,3.75,,6.75,,6.75,,,,
F447,A/Indonesia/5/2005,6,EID,path,true,8,false,NA,true,true,H5,N1,avian,21.9,8,1.4,1,1.4,1,,4.75,,4.25,,2.75,,,
F448,A/Indonesia/5/2005,6,EID,path,true,6,false,NA,true,true,H5,N1,avian,19.2,6,1.3,3,1.3,3,,6.25,,5.25,,4.75,,,
F449,A/Indonesia/5/2005,6,EID,path,true,10,false,NA,true,true,H5,N1,avian,24.3,10,0.9,4,0.9,4,,5.75,,6.5,,6.5,,1.98,
F450,A/Indonesia/5/2005,6,EID,path,false,0,false,NA,true,true,H5,N1,avian,20,12,1.3,2,1.3,2,,5.75,,5.75,,4.5,,3.25,
F451,A/Indonesia/5/2005,6,EID,path,true,8,false,NA,true,true,H5,N1,avian,26.9,8,1,7,0.8,1,,5.5,,5.75,,4.5,,,
F452,A/Indonesia/5/2005,6,EID,path,true,6,false,NA,true,true,H5,N1,avian,17.7,6,2.4,1,2.4,1,,6.25,,6.75,,5.75,,,
F453,A/Indonesia/5/2005,6,EID,path,true,6,false,NA,true,true,H5,N1,avian,16.3,6,2.7,1,2.7,1,,6.25,,6.5,,5.5,,,
F454,A/Indonesia/5/2005,6,EID,path,true,5,false,NA,true,true,H5,N1,avian,11.7,5,1.7,1,1.7,1,,5.75,,6.5,,,,,
F455,A/Indonesia/5/2005,6,EID,path,true,5,false,NA,true,true,H5,N1,avian,16.1,5,1.7,1,1.7,1,,5.75,,5.75,,,,,
F456,A/Indonesia/5/2005,6,EID,path,true,5,false,NA,true,true,H5,N1,avian,15.2,5,3.3,1,3.3,1,,6.75,,6.25,,,,,
F457,A/Indonesia/5/2005,6,EID,path,true,5,false,NA,true,true,H5,N1,avian,16,5,2.4,1,2.4,1,,5.5,,5.5,,,,,
F458,A/Indonesia/5/2005,6,EID,path,true,5,false,NA,true,true,H5,N1,avian,12.5,5,1.9,1,1.9,1,,4.5,,6.25,,,,,
F459,A/Indonesia/5/2005,6,EID,path,true,8,false,NA,true,true,H5,N1,avian,24.7,8,1.6,1,1.6,1,,6.25,,6.25,,5.25,,1.5,
F460,A/Indonesia/5/2005,6,EID,path,true,8,false,NA,true,true,H5,N1,avian,15.4,8,2.5,1,2.5,1,,5.5,,6.25,,5.25,,1.5,
F461,A/Indonesia/5/2005,6,EID,path,true,8,false,NA,true,true,H5,N1,avian,23.4,8,2.6,5,2.6,5,,6.25,,6.5,,4.75,,1.5,
F462,A/Indonesia/5/2005,6,EID,path,true,6,false,NA,true,true,H5,N1,avian,19.4,6,1.8,1,1.8,1,,5.5,,5.25,,4.5,,,
F463,A/Indonesia/5/2005,6,EID,path,true,5,false,NA,true,true,H5,N1,avian,17.9,5,2.5,1,2.5,1,,5.5,,4.25,,,,,
F464,A/Hong Kong/213/2003,6,EID,RD,false,0,true,no,true,true,H5,N1,avian,0.8,3,1.7,1,1.7,1,5.5,,5.5,,5.5,,1.5,,1.5
F465,A/Hong Kong/213/2003,6,EID,RD,false,0,true,no,true,true,H5,N1,avian,7.2,6,2,1,2,1,5.5,,5.75,,5.5,,4.25,,1.5
F466,A/Hong Kong/213/2003,6,EID,RD,true,10,true,no,true,true,H5,N1,avian,24.2,10,0.7,2,0.7,2,5.5,,5.25,,4.75,,3.75,,1.5
F467,A/Hong Kong/213/2003,6,EID,path,false,0,true,NA,true,true,H5,N1,avian,3.4,5,0.5,3,0.5,3,6.25,,5.75,,4.5,,1.5,,1.5
F468,A/Hong Kong/213/2003,6,EID,path,false,0,true,NA,true,true,H5,N1,avian,10.2,7,1.8,1,1.8,1,5.5,,6.25,,4.75,,2,,1.5
F469,A/Hong Kong/213/2003,6,EID,path,false,0,true,NA,true,true,H5,N1,avian,2.6,3,1.5,5,1.5,5,6.5,,6.5,,4.75,,1.5,,1.5
F470,A/Vietnam/HN30408/2005,6,EID,DC,false,0,true,NA,true,true,H5,N1,avian,11.3,9,1.5,1,1.5,1,2.75,,5.25,,3.75,,2.5,,1.5
F471,A/Vietnam/HN30408/2005,6,EID,DC,false,0,true,NA,true,true,H5,N1,avian,12.9,14,1.4,1,1.4,1,4.5,,4.5,,4.5,,3.25,,1.5
F472,A/Vietnam/HN30408/2005,6,EID,DC,false,0,true,NA,true,true,H5,N1,avian,5.6,5,1.7,1,1.7,1,4.75,,5.75,,5.25,,1.5,,1.5
F473,A/AmWigeon/SC/22-000345-001/2021,6,EID,DC,false,0,true,NA,true,true,H5,N1,avian,2.7,9,0.8,1,0.8,1,3.5,,3.5,,4.5,,1.5,,1.5
F474,A/AmWigeon/SC/22-000345-001/2021,6,EID,DC,false,0,true,NA,true,true,H5,N1,avian,14.3,9,2.4,6,0.9,2,3.75,,5.25,,2.5,,1.98,,1.5
F475,A/AmWigeon/SC/22-000345-001/2021,6,EID,DC,false,0,true,NA,true,true,H5,N1,avian,4.8,4,0.3,2,0.3,2,3.38,,2.63,,3.5,,1.98,,1.5
F476,A/AmWigeon/SC/22-000345-001/2021,6,EID,RD,false,0,true,no,true,true,H5,N1,avian,0.3,2,1,3,1,3,3.25,,2.25,,2.5,,2.5,,1.5
F477,A/AmWigeon/SC/22-000345-001/2021,6,EID,RD,false,0,true,no,true,true,H5,N1,avian,5.3,6,1,6,0.9,2,2.5,,1.98,,2.5,,1.5,,1.5
F478,A/AmWigeon/SC/22-000345-001/2021,6,EID,RD,false,0,true,no,true,true,H5,N1,avian,0.7,1,1,3,1,3,4.5,,3.63,,4.25,,1.5,,1.5
F479,A/chicken/Korea/Gimje/2008,6,EID,path,true,9,true,NA,true,true,H5,N1,avian,19.9,9,1.4,3,1.4,3,5.75,,5.25,,4,,3.5,,
F480,A/chicken/Korea/Gimje/2008,6,EID,path,false,0,true,NA,true,true,H5,N1,avian,12.4,9,1.3,3,1.3,3,6,,5.5,,4.25,,1.98,,1.5
F481,A/chicken/Korea/Gimje/2008,6,EID,path,false,0,true,NA,true,true,H5,N1,avian,11.9,9,2,3,2,3,5.75,,5.5,,4.75,,4.25,,1.5
F482,A/chicken/Korea/IS/2006,7,EID,path,false,0,true,NA,true,true,H5,N1,avian,10.1,6,2.5,3,2.5,3,6.5,,5.5,,5.25,,2.75,,1.5
F483,A/chicken/Korea/IS/2006,7,EID,path,false,0,true,NA,true,true,H5,N1,avian,9.1,2,2.3,1,2.3,1,6.75,,6.75,,5.5,,2.75,,1.5
F484,A/chicken/Korea/IS/2006,7,EID,path,false,0,true,NA,true,true,H5,N1,avian,9,2,2.3,1,2.3,1,6.5,,6.5,,5.75,,3.25,,1.5
F485,A/Egypt/2321-NAMRU3/2007,7,EID,path,true,8,true,NA,true,true,H5,N1,avian,27.2,8,2.2,1,2.2,1,5.53,,4.61,,6.75,,3.25,,1.5
F486,A/Egypt/2321-NAMRU3/2007,7,EID,path,true,8,true,NA,true,true,H5,N1,avian,26.8,8,2,1,2,1,4.5,,4.75,,5.25,,1.5,,
F487,A/Egypt/2321-NAMRU3/2007,7,EID,path,false,0,true,NA,true,true,H5,N1,avian,7.6,8,2.5,1,2.5,1,5.25,,5.5,,3.25,,1.5,,
F488,A/duck/Vietnam/NCVD-1206/2012,6,EID,DC,false,0,true,NA,true,true,H5,N1,avian,15.2,6,1.1,1,1.1,1,3.5,,2.25,,4.25,,1.5,,1.5
F489,A/duck/Vietnam/NCVD-1206/2012,6,EID,DC,true,7,true,NA,true,true,H5,N1,avian,17.4,7,1.6,7,1.2,1,4.25,,4.5,,5.25,,2.75,,
F490,A/duck/Vietnam/NCVD-1206/2012,6,EID,DC,false,0,true,NA,true,true,H5,N1,avian,12.8,4,2,1,2,1,3.5,,4.25,,4.25,,2.25,,1.5
F491,A/duck/Vietnam/NCVD-1206/2012,6,EID,path,false,0,true,NA,true,true,H5,N1,avian,6.2,5,2.1,1,2.1,1,4.25,,2.5,,2.75,,1.5,,1.5
F492,A/duck/Vietnam/NCVD-1206/2012,6,EID,path,false,0,true,NA,true,true,H5,N1,avian,4.8,8,1.8,1,1.8,1,3.75,,3.5,,3.25,,1.5,,1.5
F493,A/duck/Vietnam/NCVD-1206/2012,6,EID,path,false,0,true,NA,true,true,H5,N1,avian,9.5,10,1.6,1,1.6,1,5.25,,4.25,,3.25,,1.5,,1.5
F494,A/duck/Vietnam/NCVD-1232/2012,6,EID,path,false,0,true,NA,true,true,H5,N1,avian,8.2,8,2.7,6,1.9,1,4.75,,6.5,,4.25,,2.5,,1.5
F495,A/duck/Vietnam/NCVD-1232/2012,6,EID,path,false,0,true,NA,true,true,H5,N1,avian,21.5,14,1.4,1,1.4,1,5.5,,5.5,,3.75,,1.5,,1.5
F496,A/duck/Vietnam/NCVD-1232/2012,6,EID,path,false,0,true,NA,true,true,H5,N1,avian,13,8,1.8,6,1.5,1,5.75,,6.5,,4.5,,1.98,,1.5
F497,A/duck/Vietnam/NCVD-0004/2013,6,EID,path,true,6,true,NA,true,true,H5,N1,avian,26.4,6,2.7,1,2.7,1,4.63,,5.5,,5.5,,,,
F498,A/duck/Vietnam/NCVD-0004/2013,6,EID,path,true,7,true,NA,true,true,H5,N1,avian,23.6,7,3,1,3,1,5.5,,6.25,,3.25,,2.5,,
F499,A/duck/Vietnam/NCVD-0004/2013,6,EID,path,true,7,true,NA,true,true,H5,N1,avian,24.6,7,2.7,1,2.7,1,5.25,,4.63,,4.5,,2.75,,
F500,A/duck/Vietnam/NCVD-2848/2013,6,EID,path,false,0,true,NA,true,true,H5,N1,avian,8.6,10,2.3,1,2.3,1,4.5,,3.75,,2.5,,1.5,,1.5
F501,A/duck/Vietnam/NCVD-2848/2013,6,EID,path,false,0,true,NA,true,true,H5,N1,avian,10,3,2.3,1,2.3,1,4.75,,3.75,,1.5,,1.5,,1.5
F502,A/duck/Vietnam/NCVD-2848/2013,6,EID,path,false,0,true,NA,true,true,H5,N1,avian,13.2,4,2.5,1,2.5,1,4.25,,2.63,,3.25,,1.5,,1.5
F503,A/duck/Bangladesh/19D770/2017,6,EID,DC,true,10,true,NA,true,true,H5,N6,avian,20,10,2.2,3,2.2,3,3.5,,3.5,,3.75,,3.25,,1.5
F504,A/duck/Bangladesh/19D770/2017,6,EID,DC,true,8,true,NA,true,true,H5,N6,avian,13.6,8,2.8,5,2.8,5,4.25,,3.5,,4.5,,1.98,,
F505,A/duck/Bangladesh/19D770/2017,6,EID,DC,false,0,true,NA,true,true,H5,N6,avian,6.4,8,1.6,2,1.6,2,2.75,,3.5,,1.98,,1.5,,1.5
F506,A/Yunnan/14563/2015,6,EID,DC,false,0,true,NA,true,true,H5,N6,avian,9.4,6,1.1,4,1.1,4,4.5,,5.75,,4.75,,1.5,,1.5
F507,A/Yunnan/14563/2015,6,EID,DC,false,0,true,NA,true,true,H5,N6,avian,13.8,6,2.1,1,2.1,1,4.25,,5.5,,3.75,,1.5,,1.5
F508,A/Yunnan/14563/2015,6,EID,DC,false,0,true,NA,true,true,H5,N6,avian,11.9,10,1.9,6,1.8,5,3.25,,4.75,,4.75,,1.5,,1.5
F509,A/Sichuan/26221/2014,6,EID,DC,true,3,true,NA,true,true,H5,N6,avian,11,3,2.3,2,2.3,2,4.5,,5.5,,,,,,
F510,A/Sichuan/26221/2014,6,EID,DC,true,5,true,NA,true,true,H5,N6,avian,13.6,5,2.8,2,2.8,2,5.25,,4.5,,6.25,,,,
F511,A/Sichuan/26221/2014,6,EID,DC,true,5,true,NA,true,true,H5,N6,avian,18.1,5,1.8,2,1.8,2,3.75,,6.25,,6.25,,,,
F512,A/turkey/Minnesota/10915/2015,6,EID,DC,false,0,true,NA,true,true,H5,N2,avian,12.2,9,1.3,3,1.3,3,2.75,,4.25,,3.75,,1.5,,1.5
F513,A/turkey/Minnesota/10915/2015,6,EID,DC,false,0,true,NA,true,true,H5,N2,avian,6.6,10,1,1,1,1,3.5,,3.75,,4.5,,1.5,,1.5
F514,A/turkey/Minnesota/10915/2015,6,EID,DC,false,0,true,NA,true,true,H5,N2,avian,0,0,1.5,4,1.5,4,2.25,,3.5,,4,,1.5,,1.5
F515,A/Alberta/01/2020,6,PFU,DC,false,0,true,NA,false,false,H1,N2,variant,4.4,10,0.7,2,0.7,2,3.34,,3.32,,3.46,,1,,1
F516,A/Alberta/01/2020,6,PFU,DC,false,0,true,NA,false,false,H1,N2,variant,5.5,6,0.9,5,0.9,5,3.08,,2.3,,3,,1,,1
F517,A/Alberta/01/2020,6,PFU,DC,false,0,true,NA,false,false,H1,N2,variant,4.8,7,0.5,4,0.5,4,3.15,,3.54,,4.18,,1,,1
F518,A/Alberta/01/2020,6,PFU,RD,false,0,true,no,false,false,H1,N2,variant,7.4,10,2,8,1.9,5,4.34,,4,,4.11,,1,,1
F519,A/Alberta/01/2020,6,PFU,RD,false,0,true,no,false,false,H1,N2,variant,6.6,12,2.4,3,2.4,3,2.4,,4.08,,4,,1,,1
F520,A/Alberta/01/2020,6,PFU,RD,false,0,true,yes,false,false,H1,N2,variant,8.1,12,1.8,4,1.8,4,2.6,,3.37,,2.95,,1,,1
F521,A/California/62/2018,6,PFU,DC,false,0,true,NA,false,false,H1,N2,variant,5.5,3,2.2,2,2.2,2,6.18,,5.52,,5.95,,1,,1
F522,A/California/62/2018,6,PFU,DC,false,0,true,NA,false,false,H1,N2,variant,22.6,7,1.8,2,1.8,2,5.08,,5.36,,5.41,,1,,1
F523,A/California/62/2018,6,PFU,DC,false,0,true,NA,false,false,H1,N2,variant,4.2,3,1.9,2,1.9,2,7.04,,4.67,,5.48,,1,,1
F524,A/California/62/2018,6,PFU,RD,false,0,true,no,false,false,H1,N2,variant,9.8,6,0.8,1,0.8,1,5.43,,6.08,,5.38,,1,,1
F525,A/California/62/2018,6,PFU,RD,false,0,true,yes,false,false,H1,N2,variant,5.1,2,2.6,2,2.6,2,5.9,,5.53,,6.34,,1,,1
F526,A/California/62/2018,6,PFU,RD,false,0,true,no,false,false,H1,N2,variant,21.1,7,1.2,2,1.2,2,5.54,,5.32,,5.18,,2,,1
F527,A/Ohio/24/2017,6,PFU,DC,false,0,true,NA,false,false,H1,N2,variant,5.3,9,0.5,2,0.5,2,7,,5.49,,4.79,,1,,1
F528,A/Ohio/24/2017,6,PFU,DC,false,0,true,NA,false,false,H1,N2,variant,11.6,8,1.6,2,1.6,2,6.69,,6.13,,3.24,,1,,1
F529,A/Ohio/24/2017,6,PFU,DC,false,0,true,NA,false,false,H1,N2,variant,8.6,8,1.1,6,0.8,2,6.08,,4.48,,3.3,,1,,1
F530,A/Ohio/24/2017,6,PFU,RD,false,0,true,no,false,false,H1,N2,variant,10.4,11,1.8,2,1.8,2,5.23,,4.29,,4.32,,1,,1
F531,A/Ohio/24/2017,6,PFU,RD,false,0,true,yes,false,false,H1,N2,variant,11.5,8,0.2,9,0,0,3.1,,3.78,,4.63,,1.48,,1
F532,A/Ohio/24/2017,6,PFU,RD,false,0,true,no,false,false,H1,N2,variant,6.5,11,1,2,1,2,5.65,,4.31,,4.45,,1,,1
F533,A/Michigan/288/2019,6,PFU,DC,false,0,true,NA,false,false,H1,N1,variant,13.5,5,1.3,1,1.3,1,7.24,,5.74,,6.02,,1,,1
F534,A/Michigan/288/2019,6,PFU,DC,false,0,true,NA,false,false,H1,N1,variant,12.9,7,3.1,1,3.1,1,8.38,,5.38,,5.31,,1,,1
F535,A/Michigan/288/2019,6,PFU,DC,false,0,true,NA,false,false,H1,N1,variant,10.4,6,2.3,1,2.3,1,7.36,,5.23,,5.31,,1,,1
F536,A/Michigan/288/2019,6,PFU,RD,false,0,true,yes,false,false,H1,N1,variant,14.6,6,1.7,1,1.7,1,7.32,,5.7,,5.23,,1,,1
F537,A/Michigan/288/2019,6,PFU,RD,false,0,true,yes,false,false,H1,N1,variant,12.5,6,1.3,1,1.3,1,7.59,,5.48,,5.75,,1,,1
F538,A/Michigan/288/2019,6,PFU,RD,false,0,true,yes,false,false,H1,N1,variant,20.3,8,1.4,1,1.4,1,7.92,,6.79,,5.68,,1,,1
F539,A/Solomon Islands/03/2006,6,PFU,RD,false,0,true,yes,false,false,H1,N1,human,3.1,9,0.3,12,0.2,5,4.7,,4.14,,4.16,,1,,1
F540,A/Solomon Islands/03/2006,6,PFU,RD,false,0,true,yes,false,false,H1,N1,human,4.7,6,0.3,2,0.3,2,5.06,,3.59,,3.18,,1,,1
F541,A/Solomon Islands/03/2006,6,PFU,RD,false,0,true,yes,false,false,H1,N1,human,7.8,10,0.7,6,0.2,4,5.36,,4.2,,3.34,,1,,1
F542,A/Solomon Islands/03/2006,6,EID,RD,false,0,true,no,false,false,H1,N1,human,6.7,14,0,0,0,0,6.5,,5.5,,4.75,,1.5,,1.5
F543,A/Solomon Islands/03/2006,6,EID,RD,false,0,true,yes,false,false,H1,N1,human,8.1,12,1.1,2,1.1,2,6.5,,6.5,,6.25,,1.98,,1.5
F544,A/Solomon Islands/03/2006,6,EID,RD,false,0,true,yes,false,false,H1,N1,human,6.9,7,0.8,2,0.8,2,6.75,,5.25,,4.75,,3.25,,1.5
F545,A/duck/Alberta/35/1976,6,EID,RD,false,0,true,no,false,false,H1,N1,avian,7.2,2,0,0,0,0,4.5,,5.25,,5.75,,1.5,,1.5
F546,A/duck/Alberta/35/1976,6,EID,RD,false,0,true,no,false,false,H1,N1,avian,0.6,6,0.7,2,0.7,2,4.5,,6.5,,5.5,,1.5,,1.5
F547,A/duck/Alberta/35/1976,6,EID,RD,false,0,true,no,false,false,H1,N1,avian,0,0,0.5,2,0.5,2,4.75,,6,,5.75,,1.5,,1.5
F548,A/duck/Alberta/35/1976,6,EID,path,false,0,true,NA,false,false,H1,N1,avian,3.3,2,2.2,2,2.2,2,4,,5.25,,7.25,,1.5,,1.5
F549,A/duck/Alberta/35/1976,6,EID,path,false,0,true,NA,false,false,H1,N1,avian,0,0,2.1,6,1.3,4,4.5,,5.75,,7.5,,1.5,,1.5
F550,A/duck/Alberta/35/1976,6,EID,path,false,0,true,NA,false,false,H1,N1,avian,0.5,4,1.3,8,1.1,2,5.75,,6.25,,6.5,,1.5,,1.5
F551,A/duck/Alberta/35/1976,6,EID,DC,false,0,true,NA,false,false,H1,N1,avian,6.3,1,0,0,0,0,5.5,,6.25,,6.75,,2.5,,1.5
F552,A/duck/Alberta/35/1976,6,EID,DC,false,0,true,NA,false,false,H1,N1,avian,0.9,1,0,0,0,0,4.25,,6.25,,6.75,,1.5,,1.5
F553,A/duck/Alberta/35/1976,6,EID,DC,false,0,true,NA,false,false,H1,N1,avian,4.2,12,0.5,1,0.5,1,4.5,,6.25,,7.25,,4,,1.5
F554,A/duck/New York/15024-21/1996,6,EID,RD,false,0,true,no,false,false,H1,N1,avian,7.8,4,0.9,1,0.9,1,6.25,,7.25,,5.75,,1.5,,1.5
F555,A/duck/New York/15024-21/1996,6,EID,RD,false,0,true,no,false,false,H1,N1,avian,9.6,5,0.1,10,0,0,5.5,,5.25,,5.5,,7,,1.5
F556,A/duck/New York/15024-21/1996,6,EID,RD,false,0,true,no,false,false,H1,N1,avian,4.3,12,0.5,1,0.5,1,7.25,,5.5,,6.5,,1.5,,1.5
F557,A/duck/New York/15024-21/1996,6,EID,DC,false,0,true,NA,false,false,H1,N1,avian,7.2,8,1.3,4,1.3,4,6.75,,4.5,,4.75,,4.75,,1.5
F558,A/duck/New York/15024-21/1996,6,EID,DC,false,0,true,NA,false,false,H1,N1,avian,4.9,6,1,6,0.7,2,5.5,,5.25,,5,,1.5,,1.5
F559,A/duck/New York/15024-21/1996,6,EID,DC,false,0,true,NA,false,false,H1,N1,avian,15.2,10,1.5,6,1.1,2,5.5,,3.5,,6.5,,1.5,,1.5
F560,A/duck/New York/15024-21/1996,6,EID,path,false,0,true,NA,false,false,H1,N1,avian,11.9,7,0.2,6,0,0,3.5,,5.5,,3.5,,1.98,,1.5
F561,A/duck/New York/15024-21/1996,6,EID,path,false,0,true,NA,false,false,H1,N1,avian,10.5,8,2.2,7,1.2,1,3.5,,5.5,,6.75,,4.5,,1.5
F562,A/duck/New York/15024-21/1996,6,EID,path,false,0,true,NA,false,false,H1,N1,avian,0.9,4,1.8,1,1.8,1,3.25,,4.75,,4.5,,5.75,,1.5
F563,A/turkey/SD/7034/1986,6,EID,RD,false,0,true,no,false,false,H1,N1,avian,8.6,4,0.5,2,0.5,2,6.5,,5.75,,6.25,,1.5,,1.5
F564,A/turkey/SD/7034/1986,6,EID,RD,false,0,true,no,false,false,H1,N1,avian,5.8,5,1,1,1,1,5.67,,5.75,,4.5,,1.98,,1.5
F565,A/turkey/SD/7034/1986,6,EID,RD,false,0,true,no,false,false,H1,N1,avian,15.4,6,2.2,1,2.2,1,5.67,,5.75,,5.25,,1.98,,1.5
F566,A/Mallard/Alberta/119/1998,6,EID,RD,false,0,true,no,false,false,H1,N1,avian,5.9,8,2.3,1,2.3,1,5.75,,5.5,,7,,1.5,,1.5
F567,A/Mallard/Alberta/119/1998,6,EID,RD,false,0,true,no,false,false,H1,N1,avian,10.6,6,3,2,3,2,6.5,,6.5,,6.75,,1.5,,1.5
F568,A/Mallard/Alberta/119/1998,6,EID,RD,false,0,true,no,false,false,H1,N1,avian,7.9,6,2,2,2,2,6.75,,5.5,,5.75,,1.5,,1.5
F569,A/turkey/Kansas/4880/1980,6,EID,RD,false,0,true,no,false,false,H1,N1,avian,2.4,6,1.7,2,1.7,2,4.75,,6.25,,5,,1.5,,1.5
F570,A/turkey/Kansas/4880/1980,6,EID,RD,false,0,true,no,false,false,H1,N1,avian,13.3,4,1.3,1,1.3,1,5,,6.5,,5.5,,1.5,,1.5
F571,A/turkey/Kansas/4880/1980,6,EID,RD,false,0,true,no,false,false,H1,N1,avian,0.7,1,1.7,4,1.7,4,4.75,,6.5,,5.75,,1.5,,1.5
F572,A/Idaho/7/2018,6,PFU,RD,false,0,true,yes,false,false,H1,N1,human,17.6,9,0.7,1,0.7,1,6.02,,4.23,,4.04,,2.95,,1
F573,A/Idaho/7/2018,6,PFU,RD,false,0,true,yes,false,false,H1,N1,human,19.7,11,0.9,1,0.9,1,6.53,,5.35,,3.85,,2.08,,1
F574,A/Idaho/7/2018,6,PFU,RD,true,9,true,yes,false,false,H1,N1,human,24.4,9,0,0,0,0,5.81,,4.41,,3.69,,4.45,,1
F575,A/Vietnam/VP12-3/2012,6,EID,path,true,5,true,NA,true,true,H5,N1,avian,12.4,5,0.7,2,0.7,2,4.75,,4.75,,3.75,,,,
F576,A/Vietnam/VP12-3/2012,6,EID,path,true,5,true,NA,true,true,H5,N1,avian,13.8,5,1.4,1,1.4,1,2.5,,4.75,,3.75,,,,
F577,A/Vietnam/VP12-3/2012,6,EID,path,true,4,true,NA,true,true,H5,N1,avian,7.1,4,2.3,2,2.3,2,5.25,,5.5,,,,,,
F578,A/Vietnam/VP13-28H/2013,6,EID,path,true,8,true,NA,true,true,H5,N1,avian,25.2,8,3.4,1,3.4,1,5.5,,5.5,,6.25,,2.75,,
F579,A/Vietnam/VP13-28H/2013,6,EID,path,true,4,true,NA,true,true,H5,N1,avian,16.2,4,2.4,2,2.4,2,5.25,,5.5,,,,,,
F580,A/Vietnam/VP13-28H/2013,6,EID,path,true,7,true,NA,true,true,H5,N1,avian,26.4,7,2.7,1,2.7,1,6.25,,5.67,,3.63,,3.5,,
F581,A/Cambodia/X0810301/2013,6,EID,DC,true,7,true,NA,true,true,H5,N1,avian,25.1,7,3.7,1,3.7,1,5.5,,6.25,,5.5,,,,
F582,A/Cambodia/X0810301/2013,6,EID,DC,true,5,true,NA,true,true,H5,N1,avian,17.5,5,1.6,5,1.6,5,5.5,,5.5,,4.5,,,,
F583,A/Cambodia/X0810301/2013,6,EID,DC,true,5,true,NA,true,true,H5,N1,avian,17.7,5,2.5,1,2.5,1,5.25,,5.75,,3.5,,,,
F584,A/Cambodia/X0123311/2013,6,EID,DC,true,8,true,NA,true,true,H5,N1,avian,19.1,8,2.4,1,2.4,1,6.5,,3.75,,4.75,,4.25,,
F585,A/Cambodia/X0123311/2013,6,EID,DC,true,10,true,NA,true,true,H5,N1,avian,20.1,10,2.1,1,2.1,1,5.5,,5.5,,4.5,,2.75,,1.5
F586,A/Cambodia/X0123311/2013,6,EID,DC,true,8,true,NA,true,true,H5,N1,avian,19.7,8,2.4,1,2.4,1,6.25,,4.5,,3.75,,3.5,,
F587,A/Alberta/1/2014,6,EID,path,false,0,true,NA,true,true,H5,N1,avian,14.9,12,2.4,1,2.4,1,3.25,,4.5,,5.25,,1.5,,1.5
F588,A/Alberta/1/2014,6,EID,path,false,0,true,NA,true,true,H5,N1,avian,18.9,10,2.4,1,2.4,1,3.25,,5.25,,4.5,,1.5,,1.5
F589,A/Alberta/1/2014,6,EID,path,false,0,true,NA,true,true,H5,N1,avian,9.9,5,1.5,1,1.5,1,4.5,,4.25,,5.25,,1.5,,1.5
F590,A/swine/MO/2124514/2006,6,EID,DC,false,0,true,NA,false,false,H2,N3,swine,11.5,4,2,1,2,1,5.75,,6.5,,7.25,,2.5,,1.5
F591,A/swine/MO/2124514/2006,6,EID,DC,false,0,true,NA,false,false,H2,N3,swine,17.2,6,1.6,2,1.6,2,7.5,,6.75,,6.25,,2.25,,1.5
F592,A/swine/MO/2124514/2006,6,EID,DC,false,0,true,NA,false,false,H2,N3,swine,17.3,7,1.5,3,1.5,3,7.5,,7.25,,5.25,,2.75,,1.5
F593,A/swine/MO/2124514/2006,6,EID,RD,false,0,true,no,false,false,H2,N3,swine,14,6,1.9,1,1.9,1,8.5,,7.5,,6.25,,1.5,,1.5
F594,A/swine/MO/2124514/2006,6,EID,RD,false,0,true,yes,false,false,H2,N3,swine,11.3,14,2.3,1,2.3,1,8.5,,6.5,,5.75,,1.5,,1.5
F595,A/swine/MO/2124514/2006,6,EID,RD,false,0,true,no,false,false,H2,N3,swine,17.1,8,0.9,1,0.9,1,8.25,,5.75,,5.5,,1.75,,1.5
F596,A/swine/MO/4296424/2006,6,EID,path,false,0,false,NA,false,false,H2,N3,swine,15.5,7,1.8,1,1.8,1,,3.5,,3.25,,3.5,,1.5,
F597,A/swine/MO/4296424/2006,6,EID,path,false,0,false,NA,false,false,H2,N3,swine,9.8,7,1.9,1,1.9,1,,6.5,,6.25,,4.5,,1.5,
F598,A/swine/MO/4296424/2006,6,EID,path,false,0,false,NA,false,false,H2,N3,swine,7.6,4,1.1,1,1.1,1,,5.25,,2.5,,5.75,,1.5,
F599,A/England/10/1967,6,EID,path,false,0,true,NA,false,false,H2,N2,human,2.2,2,2.1,4,2.1,4,7.5,,6.25,,5.5,,1.5,,1.5
F600,A/England/10/1967,6,EID,path,false,0,true,NA,false,false,H2,N2,human,4.2,1,1.2,4,1.2,4,5.5,,5.25,,6.5,,1.5,,1.5
F601,A/England/10/1967,6,EID,path,false,0,true,NA,false,false,H2,N2,human,3.1,2,0.9,2,0.9,2,7.75,,5.25,,5.25,,1.5,,1.5
F602,A/England/10/1967,6,EID,DC,false,0,true,NA,false,false,H2,N2,human,5.3,2,1.5,5,1.5,5,8.5,,6.75,,5.75,,1.5,,1.5
F603,A/England/10/1967,6,EID,DC,false,0,true,NA,false,false,H2,N2,human,1.1,2,1.7,8,1.4,2,7.5,,5.25,,6.75,,1.5,,1.5
F604,A/England/10/1967,6,EID,DC,false,0,true,NA,false,false,H2,N2,human,10.8,7,1.9,1,1.9,1,7.5,,6.5,,5.75,,1.5,,1.5
F605,A/England/10/1967,6,EID,RD,false,0,true,yes,false,false,H2,N2,human,10.4,6,1.1,2,1.1,2,8.5,,6.25,,6.5,,1.5,,1.5
F606,A/England/10/1967,6,EID,RD,false,0,true,yes,false,false,H2,N2,human,8.5,7,0,0,0,0,8.25,,5.25,,5.75,,1.5,,1.5
F607,A/England/10/1967,6,EID,RD,false,0,true,yes,false,false,H2,N2,human,10,7,0,0,0,0,7.4,,6.25,,6.4,,1.5,,1.5
F608,A/chicken/PA/298101-4/2004,6,EID,path,false,0,true,NA,false,false,H2,N2,avian,0,0,2.5,4,2.5,4,4.75,,5.5,,4.5,,1.5,,1.5
F609,A/chicken/PA/298101-4/2004,6,EID,path,false,0,true,NA,false,false,H2,N2,avian,0.2,11,2.3,4,2.3,4,6.25,,4.75,,6.5,,1.5,,1.5
F610,A/chicken/PA/298101-4/2004,6,EID,path,false,0,true,NA,false,false,H2,N2,avian,4.3,10,1.3,7,1.1,4,5.75,,5.75,,3.75,,3.75,,1.5
F611,A/chicken/PA/298101-4/2004,6,EID,DC,false,0,true,NA,false,false,H2,N2,avian,0.7,1,2.6,4,2.6,4,5.25,,5.25,,7.5,,1.5,,1.5
F612,A/chicken/PA/298101-4/2004,6,EID,DC,false,0,true,NA,false,false,H2,N2,avian,1.7,7,1.5,2,1.5,2,4.25,,5.5,,6.25,,1.5,,1.5
F613,A/chicken/PA/298101-4/2004,6,EID,DC,false,0,true,NA,false,false,H2,N2,avian,1.4,6,1,6,0.8,2,5.25,,5.5,,5.25,,1.5,,1.5
F614,A/mallard/Maryland/235/2001,6,EID,DC,false,0,true,NA,false,false,H2,N3,avian,0,0,2.6,5,2.6,5,4.5,,6.4,,6.75,,5.5,,1.5
F615,A/mallard/Maryland/235/2001,6,EID,DC,false,0,true,NA,false,false,H2,N3,avian,0,0,2,5,2,5,4.5,,6.75,,7.5,,1.75,,1.5
F616,A/mallard/Maryland/235/2001,6,EID,DC,false,0,true,NA,false,false,H2,N3,avian,0.9,1,0.8,1,0.8,1,5.25,,6.75,,6.5,,3.2,,1.5
F617,A/mallard/Maryland/235/2001,6,EID,RD,false,0,true,no,false,false,H2,N3,avian,0.2,1,1.3,5,1.3,5,3.8,,4.5,,7.2,,3.4,,1.5
F618,A/mallard/Maryland/235/2001,6,EID,RD,false,0,true,no,false,false,H2,N3,avian,0.5,1,1.4,5,1.4,5,4.5,,5.2,,7.2,,3.2,,1.5
F619,A/mallard/Maryland/235/2001,6,EID,RD,false,0,true,no,false,false,H2,N3,avian,1.8,10,1.4,4,1.4,4,4.2,,4.75,,4.75,,2.75,,1.5
F620,A/mallard/New York/6750/1978,6,EID,DC,false,0,false,NA,false,false,H2,N2,avian,3.4,1,1.1,11,1,1,,5.25,,4.3,,6.5,,1.5,
F621,A/mallard/New York/6750/1978,6,EID,DC,false,0,false,NA,false,false,H2,N2,avian,5.8,6,2.8,1,2.8,1,,7.25,,6.25,,3.75,,1.5,
F622,A/mallard/New York/6750/1978,6,EID,DC,false,0,false,NA,false,false,H2,N2,avian,5.1,3,2.4,1,2.4,1,,6.25,,3.75,,3.25,,1.5,
F623,A/mallard/New York/6750/1978,6,EID,RD,false,0,false,no,false,false,H2,N2,avian,5.6,6,2.3,3,2.3,3,,6.5,,6.8,,4.8,,3.5,
F624,A/mallard/New York/6750/1978,6,EID,RD,false,0,false,no,false,false,H2,N2,avian,2.2,7,1.9,1,1.9,1,,6.2,,7.5,,5.2,,3.5,
F625,A/mallard/New York/6750/1978,6,EID,RD,false,0,false,no,false,false,H2,N2,avian,0.9,7,1.4,1,1.4,1,,6.5,,7.5,,4.8,,1.5,
F626,A/mallard/New York/6750/1978,6,EID,RD,false,0,false,NA,false,false,H2,N2,avian,2.3,7,1.7,1,1.7,1,,5.75,,5.5,,4.5,,1.5,
F627,A/mallard/New York/6750/1978,6,EID,RD,false,0,false,NA,false,false,H2,N2,avian,4.3,7,3.2,1,3.2,1,,5.5,,5.75,,6.25,,1.5,
F628,A/mallard/New York/6750/1978,6,EID,RD,false,0,false,NA,false,false,H2,N2,avian,6.2,7,3.2,1,3.2,1,,6.25,,6.5,,3.75,,1.5,
F629,A/Albany/6/1958,6,EID,DC,true,9,false,NA,false,false,H2,N2,human,11,9,2.3,6,2.1,3,,5.75,,5.63,,4.625,,1.5,
F630,A/Albany/6/1958,6,EID,DC,false,0,false,NA,false,false,H2,N2,human,3.1,3,2.2,2,2.2,2,,6.5,,5.75,,4.5,,1.5,
F631,A/Albany/6/1958,6,EID,DC,false,0,false,NA,false,false,H2,N2,human,12.9,9,2.5,2,2.5,2,,5.5,,5.5,,3.5,,1.5,
F632,A/Albany/6/1958,6,EID,RD,false,0,false,yes,false,false,H2,N2,human,3.2,7,2.3,12,1.8,4,,5.75,,5.625,,3.67,,1.5,
F633,A/Albany/6/1958,6,EID,RD,false,0,false,yes,false,false,H2,N2,human,12,9,1.3,12,0.4,3,,6.5,,6.3,,4.39,,1.5,
F634,A/Albany/6/1958,6,EID,RD,false,0,false,yes,false,false,H2,N2,human,4.9,3,2.4,6,1.9,1,,6.5,,5.75,,5.3,,1.5,
F635,A/El Salvador/2/1957,6,EID,DC,false,0,false,NA,false,false,H2,N2,human,5,12,3.6,2,3.6,2,,6.25,,5.25,,6.25,,1.5,
F636,A/El Salvador/2/1957,6,EID,DC,false,0,false,NA,false,false,H2,N2,human,4.6,8,1.2,1,1.2,1,,8.25,,3.25,,5.75,,1.5,
F637,A/El Salvador/2/1957,6,EID,DC,false,0,false,NA,false,false,H2,N2,human,1.5,2,1.1,2,1.1,2,,6.5,,3.75,,6.25,,1.5,
F638,A/El Salvador/2/1957,6,EID,RD,false,0,false,no,false,false,H2,N2,human,2.4,11,1.1,7,0.9,2,,6.5,,4.5,,5.5,,1.5,
F639,A/El Salvador/2/1957,6,EID,RD,false,0,false,no,false,false,H2,N2,human,6.3,3,1.5,2,1.5,2,,6.75,,3.75,,4.75,,1.5,
F640,A/El Salvador/2/1957,6,EID,path,false,0,false,NA,false,false,H2,N2,human,8.8,13,1.9,9,1.6,4,,6.375,,4.375,,4.5,,1.5,
F641,A/Michigan/45/2015,6,PFU,RD,false,0,true,yes,false,false,H1,N1,human,10.9,8,2.2,3,2.2,3,6.46,,5.27,,3.65,,1,,1
F642,A/Michigan/45/2015,6,PFU,RD,false,0,true,yes,false,false,H1,N1,human,12.9,6,2.3,1,2.3,1,6.95,,5,,1.95,,1,,1
F643,A/Michigan/45/2015,6,PFU,RD,false,0,true,yes,false,false,H1,N1,human,10.8,3,1,6,0.9,2,7.34,,4.33,,4.2,,1,,1
F644,A/Nebraska/14/2019,6,PFU,RD,false,0,true,yes,false,false,H1,N1,human,16.1,6,0,0,0,0,7.95,,6.06,,3.48,,1,,1
F645,A/Nebraska/14/2019,6,PFU,RD,false,0,true,yes,false,false,H1,N1,human,9.4,4,0,0,0,0,7.78,,5.08,,5.27,,1,,1
F646,A/Nebraska/14/2019,6,PFU,RD,false,0,true,yes,false,false,H1,N1,human,9.7,10,0,0,0,0,7.54,,5.08,,5.08,,1,,1
F647,A/Thailand/Kan/353/2004,7,EID,path,true,8,true,NA,true,true,H5,N1,avian,26.8,8,2.4,5,2.4,5,5.75,,5.5,,4.25,,3.5,,
F648,A/Thailand/Kan/353/2004,7,EID,path,true,5,true,NA,true,true,H5,N1,avian,16.7,3,2.5,1,2.5,1,5.75,,5.75,,,,,,
F649,A/Thailand/Kan/353/2004,7,EID,path,false,0,true,NA,true,true,H5,N1,avian,19.3,7,2.2,1,2.2,1,5.25,,5.75,,3.25,,1.5,,1.5
F650,A/chicken/Indonesia/7/2003,7,EID,path,false,0,true,NA,true,true,H5,N1,avian,0.1,3,2.9,1,2.9,1,3.5,,2.5,,2,,1.5,,1.5
F651,A/chicken/Indonesia/7/2003,7,EID,path,false,0,true,NA,true,true,H5,N1,avian,1.5,1,4,1,4,1,3.75,,2.25,,1.5,,1.5,,1.5
F652,A/chicken/Indonesia/7/2003,7,EID,path,false,0,true,NA,true,true,H5,N1,avian,2.1,1,2.2,1,2.2,1,2.75,,2.75,,1.5,,1.5,,1.5
F653,A/chicken/Korea/ES/2003,7,EID,path,false,0,true,NA,true,true,H5,N1,avian,0.8,7,1.7,1,1.7,1,4.75,,5.25,,3.5,,1.5,,1.5
F654,A/chicken/Korea/ES/2003,7,EID,path,false,0,true,NA,true,true,H5,N1,avian,4.1,3,1.3,1,1.3,1,5.25,,4.25,,4.5,,1.5,,1.5
F655,A/chicken/Korea/ES/2003,7,EID,path,false,0,true,NA,true,true,H5,N1,avian,1.4,7,0.7,7,0.5,1,5.5,,3.75,,2.75,,1.5,,1.5
F656,A/chicken/Vietnam/NCVD/31/2004,7,EID,path,false,0,true,NA,true,true,H5,N1,avian,1.7,1,2.4,1,2.4,1,4.25,,2.75,,2.5,,1.5,,1.5
F657,A/chicken/Vietnam/NCVD/31/2004,7,EID,path,false,0,true,NA,true,true,H5,N1,avian,3.3,1,2.3,1,2.3,1,3.5,,3.25,,3.25,,1.5,,1.5
F658,A/chicken/Vietnam/NCVD/31/2004,7,EID,path,false,0,true,NA,true,true,H5,N1,avian,3.1,1,1,1,1,1,3.75,,2.5,,2.25,,1.5,,1.5
F659,A/Vietnam/1204/2004,7,EID,path,true,9,true,NA,true,true,H5,N1,avian,22.1,9,3.2,1,3.2,1,5.25,,5.75,,4.5,,2.25,,
F660,A/Vietnam/1204/2004,7,EID,path,false,0,true,NA,true,true,H5,N1,avian,2.4,7,2.4,1,2.4,1,4.75,,4.75,,3.75,,3.25,,1.5
F661,A/Vietnam/1204/2004,7,EID,path,true,8,true,NA,true,true,H5,N1,avian,18,7,3.3,3,3.3,3,6.25,,5.25,,4.5,,2.75,,
F662,A/New York/1682/2009,6.5,PFU,path,false,0,true,NA,false,false,H1,N1,human,5.5,6,1.3,1,1.3,1,7.11,,6.8,,5.34,,1,,1
F663,A/New York/1682/2009,6.5,PFU,path,false,0,true,NA,false,false,H1,N1,human,5.1,7,0.9,3,0.9,3,7.51,,6.46,,5.3,,1,,1
F664,A/New York/1682/2009,6.5,PFU,path,false,0,true,NA,false,false,H1,N1,human,10.8,6,0.7,1,0.7,1,7.9,,6.3,,4.89,,1,,1
F665,A/New York/55/2004,6,EID,path,false,0,true,NA,false,false,H3,N2,human,5.4,9,0.7,1,0.7,1,6.5,,5.75,,6.5,,1.5,,1.5
F666,A/New York/55/2004,6,EID,path,false,0,true,NA,false,false,H3,N2,human,7.9,7,1,5,1,5,7.75,,5.25,,5.75,,1.5,,1.5
F667,A/New York/55/2004,6,EID,path,false,0,true,NA,false,false,H3,N2,human,7.5,7,0.6,3,0.6,3,7.75,,4.75,,6.75,,1.5,,1.5
F668,A/New York/55/2004,6,EID,path,false,0,false,NA,false,false,H3,N2,human,8.6,8,0.7,3,0.7,3,,5.75,,5.75,,3.5,,1.5,
F669,A/New York/55/2004,6,EID,path,false,0,false,NA,false,false,H3,N2,human,9.9,3,1.6,5,1.6,5,,5.75,,5.75,,3.75,,1.5,
F670,A/New York/55/2004,6,EID,path,false,0,false,NA,false,false,H3,N2,human,10.2,7,1.5,5,1.5,5,,6.5,,5.75,,2.5,,1.5,
F671,A/New York/55/2004,6,EID,path,false,0,true,NA,false,false,H3,N2,human,6.2,7,0.5,9,0,0,6.75,,5.5,,4.5,,1.5,,1.5
F672,A/New Caledonia/20/1999,6,EID,path,false,0,true,NA,false,false,H1,N1,human,8,9,0.7,3,0.7,3,6.25,,4.75,,4.75,,2.25,,1.5
F673,A/New Caledonia/20/1999,6,EID,path,false,0,true,NA,false,false,H1,N1,human,4.9,9,0.6,7,0,0,6.75,,5.25,,5.25,,1.5,,1.5
F674,A/New Caledonia/20/1999,6,EID,path,false,0,true,NA,false,false,H1,N1,human,2.6,9,0.4,3,0.4,3,6.5,,5.75,,5.75,,2.25,,1.5
F675,A/New Caledonia/20/1999,6,EID,path,false,0,true,NA,false,false,H1,N1,human,6.8,9,0.2,3,0.2,3,6.75,,5.5,,4.5,,1.5,,1.5
F676,A/New Caledonia/20/1999,6,EID,path,false,0,true,NA,false,false,H1,N1,human,1.2,2,2,2,2,2,5.5,,4.5,,4.5,,2.25,,1.5
F677,A/New Caledonia/20/1999,6,EID,path,false,0,true,NA,false,false,H1,N1,human,1.1,5,2.5,2,2.5,2,5.75,,4.25,,1.5,,1.5,,1.5
F678,A/New Caledonia/20/1999,6,EID,path,false,0,true,NA,false,false,H1,N1,human,1.9,2,2.2,2,2.2,2,7.25,,5.75,,5.5,,1.5,,1.5
F679,A/Wyoming/3/2003,5,PFU,path,false,0,true,NA,false,false,H3,N2,human,10.7,3,1.8,10,1.3,1,4.18,,5.08,,5.04,,3.3,,1
F680,A/Wyoming/3/2003,5,PFU,path,false,0,true,NA,false,false,H3,N2,human,9.8,3,2.5,3,2.5,3,4.51,,4.4,,5.78,,4.9,,1
F681,A/Wyoming/3/2003,6,PFU,path,false,0,true,NA,false,false,H3,N2,human,3,2,2,9,0,0,6.26,,3.78,,4.78,,1,,1
F682,A/Wyoming/3/2003,6,PFU,path,false,0,true,NA,false,false,H3,N2,human,0,0,1,2,1,2,6.62,,2.95,,5.26,,1,,1
F683,A/goose/Vietnam/113/2001,7,EID,path,false,0,true,NA,true,true,H5,N1,avian,11,9,2,7,1.2,1,4.75,,4,,4.25,,2,,1.5
F684,A/goose/Vietnam/113/2001,7,EID,path,false,0,true,NA,true,true,H5,N1,avian,4.6,1,1.9,3,1.9,3,4.75,,4.25,,3.25,,1.5,,1.5
F685,A/goose/Vietnam/113/2001,7,EID,path,false,0,true,NA,true,true,H5,N1,avian,5.3,1,1.4,9,0.4,1,2.75,,3.5,,3,,3.25,,1.5
F686,A/Indonesia/CDC625/2006,6,EID,DC,false,0,true,NA,true,true,H5,N1,avian,9.2,10,0.2,1,0.2,1,4.75,,6.75,,5.25,,1.5,,1.5
F687,A/Indonesia/CDC625/2006,6,EID,DC,false,0,true,NA,true,true,H5,N1,avian,2.4,8,2.7,8,2.5,1,5.75,,6.25,,5.75,,2.75,,1.5
F688,A/Indonesia/CDC625/2006,6,EID,DC,false,0,true,NA,true,true,H5,N1,avian,6.9,8,1.7,1,1.7,1,6.25,,4.75,,5.25,,3.25,,1.5
F689,A/Hong Kong/33982/2009,6,PFU,path,false,0,false,NA,false,false,H9,N2,avian,8.6,13,0,0,0,0,,6.6,,3.9,,5.02,,1,
F690,A/Hong Kong/33982/2009,6,PFU,path,false,0,false,NA,false,false,H9,N2,avian,9.4,13,1,3,1,3,,5.67,,3.32,,5.19,,1,
F691,A/Hong Kong/33982/2009,6,PFU,path,false,0,false,NA,false,false,H9,N2,avian,7.4,9,0.7,1,0.7,1,,6.56,,4.27,,5.76,,1,
F692,A/Hong Kong/33982/2009,6,PFU,path,false,0,false,NA,false,false,H9,N2,avian,10.6,9,1.7,3,1.7,3,,6.11,,4.54,,4.38,,1,
F693,A/Nanchang/933/1995,5,EID,path,false,0,false,NA,false,false,H3,N2,human,2.8,9,1.2,1,1.2,1,,7.75,,5.75,,6.75,,1.5,
F694,A/Nanchang/933/1995,5,EID,path,false,0,false,NA,false,false,H3,N2,human,2.8,3,1.8,2,1.8,2,,8.5,,6.5,,6.25,,1.5,
F695,A/Nanchang/933/1995,5,EID,path,false,0,false,NA,false,false,H3,N2,human,5.3,6,1.1,2,1.1,2,,8.75,,6.25,,5.75,,1.5,
F696,A/Wisconsin/67/2005,6,PFU,path,false,0,true,NA,false,false,H3,N2,human,4.4,2,1,2,1,2,5.6,,3.6,,4.3,,1,,1
F697,A/Wisconsin/67/2005,6,PFU,path,false,0,true,NA,false,false,H3,N2,human,11.7,5,0,0,0,0,5.34,,4.32,,5.48,,1,,1
F698,A/Wisconsin/67/2005,6,PFU,path,false,0,true,NA,false,false,H3,N2,human,4.3,2,0.3,2,0.3,2,5.78,,4.32,,5.49,,1,,1
F699,A/Wisconsin/67/2005,6,PFU,path,false,0,true,NA,false,false,H3,N2,human,3.2,2,0.6,2,0.6,2,5.2,,3.46,,4.9,,1,,1
F700,A/Ohio/13/2017,6,PFU,DC,false,0,true,NA,false,false,H3,N2,variant,12,6,1,12,0.6,2,5.64,,4.29,,3.51,,1.78,,1
F701,A/Ohio/13/2017,6,PFU,DC,false,0,true,NA,false,false,H3,N2,variant,11.1,6,1.1,1,1.1,1,5.67,,4.89,,2.85,,1,,1
F702,A/Ohio/13/2017,6,PFU,DC,false,0,true,NA,false,false,H3,N2,variant,15.8,10,1.7,1,1.7,1,5.94,,4.18,,4.79,,1,,1
F703,A/Ohio/13/2017,6,PFU,RD,false,0,true,yes,false,false,H3,N2,variant,21.3,11,2.1,5,2.1,5,6.69,,4.59,,2.4,,1,,1
F704,A/Ohio/13/2017,6,PFU,RD,false,0,true,no,false,false,H3,N2,variant,11.7,6,2.2,1,2.2,1,6.41,,3.93,,3.19,,1,,1
F705,A/Ohio/13/2017,6,PFU,RD,false,0,true,no,false,false,H3,N2,variant,13.8,12,1.7,1,1.7,1,6.5,,4.13,,2.11,,1,,1
F706,A/swine/Oklahoma/A02218157/2017,6,PFU,DC,false,0,true,NA,false,false,H3,N2,swine,2.5,9,1.4,2,1.4,2,6.32,,5.23,,5.86,,1,,1
F707,A/swine/Oklahoma/A02218157/2017,6,PFU,DC,false,0,true,NA,false,false,H3,N2,swine,5.1,6,0.9,2,0.9,2,6.46,,5.71,,6.45,,1,,1
F708,A/swine/Oklahoma/A02218157/2017,6,PFU,DC,false,0,true,NA,false,false,H3,N2,swine,6.3,12,2.4,2,2.4,2,1,,2.9,,5.81,,6.04,,3.26
F709,A/swine/Oklahoma/A02218157/2017,6,PFU,RD,false,0,true,no,false,false,H3,N2,swine,8.9,9,1.2,2,1.4,2,4.65,,5.85,,5.85,,1,,1
F710,A/swine/Oklahoma/A02218157/2017,6,PFU,RD,false,0,true,yes,false,false,H3,N2,swine,2.2,8,0.3,2,0.3,2,5.16,,6.3,,6.43,,1,,1
F711,A/swine/Oklahoma/A02218157/2017,6,PFU,RD,false,0,true,no,false,false,H3,N2,swine,4.2,7,1.5,2,1.5,2,5.78,,5.81,,5.42,,1,,1
F712,A/Hawaii/28/2020,6,PFU,DC,false,0,true,NA,false,false,H3,N2,variant,9.1,8,0.9,8,0.8,2,6.4,,4.95,,5.4,,1,,1
F713,A/Hawaii/28/2020,6,PFU,DC,false,0,true,NA,false,false,H3,N2,variant,3.1,2,1.1,2,1.1,2,5.95,,5.3,,4.22,,1,,1
F714,A/Hawaii/28/2020,6,PFU,DC,false,0,true,NA,false,false,H3,N2,variant,7.2,3,1.9,2,1.9,2,6.99,,5.2,,5.13,,1,,1
F715,A/Hawaii/28/2020,6,PFU,RD,false,0,true,no,false,false,H3,N2,variant,5.3,6,0.2,12,0,0,5.32,,4.89,,4.56,,1,,1
F716,A/Hawaii/28/2020,6,PFU,RD,false,0,true,no,false,false,H3,N2,variant,6.7,12,1.1,2,1.1,2,6.33,,5.06,,5.67,,1,,1
F717,A/Hawaii/28/2020,6,PFU,RD,false,0,true,yes,false,false,H3,N2,variant,4.2,8,1.6,12,1.1,2,6.51,,4.5,,5.11,,1,,1
F718,A/Chile/25945/2023,6,EID,DC,true,5,true,NA,true,true,H5,N1,avian,19,5,2.2,2,2.2,2,5.75,5.25,8.17,,5.63,,,,
F719,A/Chile/25945/2023,6,EID,DC,true,7,true,NA,true,true,H5,N1,avian,15.4,7,1.9,4,1.9,4,6.56,7.5,7.25,,7.25,,4.75,,
F720,A/Chile/25945/2023,6,EID,DC,true,7,true,NA,true,true,H5,N1,avian,19,7,1.6,2,1.6,2,5.33,5.75,6.5,,5.5,,3.67,,
F721,A/Chile/25945/2023,6,EID,RD,true,6,true,no,true,true,H5,N1,avian,18.8,6,1.7,1,1.7,1,4.5,4.5,5.5,,4.17,,,,
F722,A/Chile/25945/2023,6,EID,RD,true,8,true,no,true,true,H5,N1,avian,21.6,8,2.4,1,2.4,1,6.5,6.75,5.5,,5.75,,3.63,,
F723,A/Chile/25945/2023,6,EID,RD,true,5,true,no,true,true,H5,N1,avian,18.2,5,1.3,1,1.3,1,5.5,5.5,5.75,,5.38,,,,
F724,A/Indiana/08/2011,6,PFU,path,false,0,false,NA,false,false,H3,N2,variant,9.3,7,1.25,2,1.25,2,,5.33243846,,4.562292864,,2.477121255,,1,
F725,A/Indiana/08/2011,6,PFU,path,false,0,false,NA,false,false,H3,N2,variant,8.1,13,0.7,2,0.7,2,,5,,4.041392685,,3,,1,
F726,A/Indiana/08/2011,6,PFU,path,false,0,false,NA,false,false,H3,N2,variant,10.4,5,0.75,2,0.75,2,,5.380211242,,4.431363764,,1.301029996,,1,
F727,A/Indiana/08/2011,6,PFU,path,false,0,false,NA,false,false,H3,N2,variant,10.3,6,1.15,2,1.15,2,,5.812913357,,3.812913357,,2.84509804,,1,
F728,A/Indiana/08/2011,6,PFU,path,false,0,false,NA,false,false,H3,N2,variant,11.5,7,1.35,2,1.35,2,,6.290034611,,4,,3.643452676,,1,
